model,variant,params,layer,shape,mean,std,min,max,absmax,dyn_range,kurtosis_excess,ch_range_spread,dead_channel_pct,fix_point,sqnr_db,cos_sim,outlier_3sigma_pct,p99_99_abs,p99_99_over_absmax,levels_used_p9999,levels_used_pct
plus_seed0,Plus(csp4),1354637,conv1,16x320x320,-0.16748478637695313,1.586907447742134,-9.229008674621582,7.943905353546143,9.229008674621582,17.172914028167725,4.0752245044997135,1.2026219380781866,0.0,3,32.9918921272272,0.9997492345639934,1.9704393310546875,7.273157992458437,0.788075756441594,116.37052787933499,45.635501129150974
plus_seed0,Plus(csp4),1354637,bn1,16x320x320,0.2525986926269531,1.17103638653903,-18.376331329345703,21.27332878112793,21.27332878112793,39.64966011047363,7.732375209993247,2.821135472339923,0.0,2,24.347042836975778,0.9981661842010723,1.202865234375,11.895509199472144,0.5591747921474767,95.16407359577715,37.31924454736359
plus_seed0,Plus(csp4),1354637,relu1,16x320x320,0.5700315649414063,0.8206376216302201,0.0,21.27332878112793,21.27332878112793,21.27332878112793,21.500111836356513,2.691426545105434,12.5,2,25.246119582242702,0.9985121764606152,1.2942598876953124,11.71435377583839,0.5506591796875,93.71483020670712,36.750913806551814
plus_seed0,Plus(csp4),1354637,csp1.conv1,32x320x320,-0.4682141107177734,2.724516314878733,-35.84001159667969,34.273860931396484,35.84001159667969,70.11387252807617,4.823638209789275,1.3338448143764092,0.0,1,25.546321658209934,0.9986087710114001,1.4773447265625,21.786539151798934,0.6078831501778112,87.14615660719573,34.17496337537088
plus_seed0,Plus(csp4),1354637,csp1.bn1,32x320x320,0.1691312535095215,1.2913023995767623,-27.972986221313477,22.963623046875,27.972986221313477,50.93660926818848,12.207380790364752,2.1574170277647937,0.0,2,25.144724786163376,0.9984751228422739,1.6477965698242187,14.088532059220597,0.5036477674480858,112.70825647376478,44.19931626422148
plus_seed0,Plus(csp4),1354637,csp1.relu1,32x320x320,0.5309900610351562,0.8748898420635272,0.0,22.963623046875,22.963623046875,22.963623046875,25.777093140018653,2.477231257731348,0.0,2,25.785506755157815,0.9986855597140544,1.6454930419921876,12.549821823835373,0.5465087890625,100.39857459068298,39.37199003556196
plus_seed0,Plus(csp4),1354637,csp1.conv2,32x320x320,-10.638224228515625,26.029276286785677,-414.8222351074219,331.89697265625,414.8222351074219,746.7192077636719,7.280862124346051,1.2151599496385423,0.0,-2,27.699319065071112,0.9991523020548252,1.937714599609375,225.68132249638438,0.54404345619984,112.84066124819219,44.25123970517341
plus_seed0,Plus(csp4),1354637,csp1.bn2,32x320x320,0.06851185661315919,1.352816018242819,-25.2170352935791,20.041593551635742,25.2170352935791,45.258628845214844,9.853960389977097,1.5177564497343272,0.0,2,25.443930218957924,0.9985751623449635,1.891699951171875,13.079192572273314,0.5186649588266076,104.63354057818651,41.03276101105354
plus_seed0,Plus(csp4),1354637,csp1.relu2,32x320x320,0.4841523175048828,0.7940410408586778,0.0,20.041593551635742,20.041593551635742,20.041593551635742,14.508490801053728,1.6361811813658877,0.0,2,25.029513430151923,0.9984321103618243,1.8784221801757812,9.245261478470638,0.4613037109375,73.96209182776511,29.004741893241217
plus_seed0,Plus(csp4),1354637,csp1.conv3,32x320x320,-0.7457643627929688,4.44495594435077,-75.017822265625,60.192588806152344,75.017822265625,135.21041107177734,3.68424910638263,1.5877329999785301,0.0,0,23.856915991929775,0.9979470070783176,1.3770779418945311,33.10759313125163,0.44132970181436926,66.21518626250327,25.966739710785596
plus_seed0,Plus(csp4),1354637,csp1.bn3,32x320x320,-0.2900424548339844,1.3632354951595915,-22.566551208496094,24.6416072845459,24.6416072845459,47.20815849304199,6.544980910244595,1.9676756546772298,0.0,2,25.717716243882712,0.9986622340397413,1.9412711181640625,11.45027462975122,0.46467239322218706,91.60219703800976,35.922430210984224
plus_seed0,Plus(csp4),1354637,csp1.shortcut_conv.0,32x320x320,-0.6356998150634766,3.001977870630172,-38.62055587768555,35.27699661254883,38.62055587768555,73.89755249023438,4.170109251383755,1.5319769160890129,0.0,1,26.571927689169033,0.9989003385441217,1.2857398071289063,23.450862418860197,0.6072119337984413,93.80344967544079,36.785666539388544
plus_seed0,Plus(csp4),1354637,csp1.shortcut_conv.1,32x320x320,-0.2840260711669922,1.173544245614549,-30.725385665893555,20.7952823638916,30.725385665893555,51.520668029785156,17.72189127261512,2.890723693630891,0.0,2,24.411771423774344,0.998195555338852,1.7997942504882813,14.07802137453109,0.45818859778083354,112.62417099624872,44.16634156715636
plus_seed0,Plus(csp4),1354637,csp1.relu3,32x320x320,0.41763562866210935,1.0086212807203727,0.0,27.795909881591797,27.795909881591797,27.795909881591797,33.77367978014604,1.534461372971188,0.0,2,28.15608624218936,0.9992359784146826,2.1693771362304686,14.491739636752754,0.5213623046875,115.93391709402204,45.46428121334198
plus_seed0,Plus(csp4),1354637,down1,64x160x160,-3.2922414208984376,23.786565730239847,-400.2650146484375,383.59674072265625,400.2650146484375,783.8617553710938,8.678435141087837,1.282573263218448,0.0,-2,26.35245555847318,0.9988443448460012,1.97010009765625,219.3223169669509,0.5479427602724336,109.66115848347545,43.004375875872725
plus_seed0,Plus(csp4),1354637,bn_down1,64x160x160,-0.294318680267334,1.5359686299275375,-32.79396438598633,31.293651580810547,32.79396438598633,64.08761596679688,8.456350486736218,1.9518016319756446,0.0,1,20.68458648373687,0.9957579068197192,1.9952796630859375,14.01047245040536,0.42722716550830864,56.04188980162144,21.97721168691037
plus_seed0,Plus(csp4),1354637,csp2.conv1,64x160x160,-0.28231374099731443,15.26777804566349,-209.23452758789062,233.0100555419922,233.0100555419922,442.2445831298828,7.950784738033871,1.2482260689880997,0.0,-1,28.451765807259697,0.9992866645730788,2.1215880126953124,130.06078551895916,0.5581767070800089,130.06078551895916,51.004229615278106
plus_seed0,Plus(csp4),1354637,csp2.bn1,64x160x160,0.04791776224136352,1.374839010062314,-24.86787986755371,23.58391571044922,24.86787986755371,48.45179557800293,7.399762451033823,1.886877285493365,0.0,2,25.57021089357704,0.9986167669549163,1.7646688232421874,12.19305101945065,0.49031325084369154,97.5444081556052,38.25270908062949
plus_seed0,Plus(csp4),1354637,csp2.relu1,64x160x160,0.484484963684082,0.881245212001161,0.0,23.58391571044922,23.58391571044922,23.58391571044922,18.53802302636762,2.0704675695629264,0.0,2,26.055468948326272,0.9987626333692609,1.965585693359375,11.052081593312323,0.4686279296875,88.41665274649858,34.67319715548964
plus_seed0,Plus(csp4),1354637,csp2.conv2,64x160x160,-13.33631439453125,42.21112084948963,-490.1217346191406,457.6123962402344,490.1217346191406,947.734130859375,1.8488220523210632,1.2535225404778487,0.0,-2,31.71057909474008,0.9996629580629903,1.0275982666015624,260.70806500315666,0.5319251251033488,130.35403250157833,51.1192284319915
plus_seed0,Plus(csp4),1354637,csp2.bn2,64x160x160,-0.11255964729309081,1.4020296479256718,-25.850908279418945,19.943395614624023,25.850908279418945,45.79430389404297,5.570274442930513,1.8439001036256375,0.0,2,25.65809057889205,0.9986441307703454,1.7295379638671875,11.31099318806082,0.43754722525807743,90.48794550448656,35.48546882528885
plus_seed0,Plus(csp4),1354637,csp2.relu2,64x160x160,0.43285466369628905,0.7766798467702556,0.0,19.943395614624023,19.943395614624023,19.943395614624023,15.411892188894889,1.906568318231734,6.25,2,25.1611491496174,0.9984798594978129,2.0734820556640625,9.16587945423089,0.4595947265625,73.32703563384712,28.755700248567496
plus_seed0,Plus(csp4),1354637,csp2.conv3,64x160x160,-3.036216501464844,6.941382850676807,-93.02337646484375,83.31197357177734,93.02337646484375,176.3353500366211,2.9591180139275792,1.2915002256740284,0.0,0,28.390443566461585,0.9992766100884399,1.34512158203125,48.22920368332416,0.5184632671503961,96.45840736664832,37.82682641829346
plus_seed0,Plus(csp4),1354637,csp2.bn3,64x160x160,-0.3148787394714355,1.1854768817003845,-18.835142135620117,19.986652374267578,19.986652374267578,38.821794509887695,4.1834222413485715,1.7283593230903882,0.0,2,24.62343816512112,0.9982797527807785,1.530023681640625,9.10599856521003,0.4556039898374289,72.84798852168024,28.567838635953034
plus_seed0,Plus(csp4),1354637,csp2.relu3,64x160x160,0.4363246234130859,0.9290539432657122,0.0,32.76443099975586,32.76443099975586,32.76443099975586,19.130153123472816,2.237644722991457,0.0,1,21.40599844917623,0.9964007842882842,2.355441650390625,11.274771849159151,0.3441162109375,45.099087396636605,17.685916626132002
plus_seed0,Plus(csp4),1354637,down2,128x80x80,-3.676489423828125,24.743368377031448,-327.5295715332031,283.502685546875,327.5295715332031,611.0322570800781,2.9879073350311183,1.3404305195722706,0.0,-2,26.707893337253587,0.9989347276481921,1.370585205078125,168.11365946009755,0.5132778047280996,84.05682973004878,32.96346263923481
plus_seed0,Plus(csp4),1354637,bn_down2,128x80x80,-0.42702419982910156,1.6115431279275376,-23.74099349975586,22.13737678527832,23.74099349975586,45.87837028503418,3.0401608389242103,1.5610433580270606,0.0,2,27.262290236267855,0.9990622150890892,1.398776611328125,11.065411690855399,0.46608882189236056,88.52329352684319,34.71501706935027
plus_seed0,Plus(csp4),1354637,csp3.conv1,128x80x80,-1.3354843286132811,28.218910919506236,-307.2641296386719,377.24444580078125,377.24444580078125,684.5085754394531,3.9191106311107298,1.315329472180681,0.0,-2,27.787803944976165,0.9991689137693579,1.539649169921875,208.54048903658986,0.5527993622117312,104.27024451829493,40.890291967958795
plus_seed0,Plus(csp4),1354637,csp3.bn1,128x80x80,-0.03571537254333496,1.3112612878804049,-20.19205093383789,26.025047302246094,26.025047302246094,46.217098236083984,6.392873293488753,2.2286298349866036,0.0,2,25.23620787748024,0.9985057876700587,1.7122529296875,11.43043550895527,0.43920901953437624,91.44348407164216,35.86018983201653
plus_seed0,Plus(csp4),1354637,csp3.relu1,128x80x80,0.4324230728149414,0.8146693990207313,0.0,26.025047302246094,26.025047302246094,26.025047302246094,22.597877914507677,2.845747038265466,1.5625,2,25.482224062926463,0.9985876367236391,2.09861865234375,10.963432402350008,0.4212646484375,87.70745921880007,34.395082046588264
plus_seed0,Plus(csp4),1354637,csp3.conv2,128x80x80,-28.18963216796875,70.96004959295492,-786.034912109375,802.8450317382812,802.8450317382812,1588.8799438476562,1.564382879783711,1.3399060785340118,0.0,-3,30.388465716152375,0.9995431036511858,1.01906689453125,412.67139991372824,0.5140112768964044,103.16784997843206,40.457980383698846
plus_seed0,Plus(csp4),1354637,csp3.bn2,128x80x80,-0.17676129653930664,1.3274590866248688,-27.918771743774414,20.83618927001953,27.918771743774414,48.754961013793945,3.226107389792509,2.2360511113074506,0.0,2,25.36434319822304,0.9985489540323358,1.293391357421875,9.629709830274805,0.34491882087979486,77.03767864219844,30.210854369489585
plus_seed0,Plus(csp4),1354637,csp3.relu2,128x80x80,0.4013106198120117,0.740021041604169,0.0,20.83618927001953,20.83618927001953,20.83618927001953,12.849540624741167,2.3560258813882573,0.78125,2,24.930981029832694,0.998397820514336,2.21882763671875,8.02467982750386,0.3851318359375,64.19743862003088,25.175466125502307
plus_seed0,Plus(csp4),1354637,csp3.conv3,128x80x80,-3.00104283203125,12.955174721962026,-236.8613739013672,244.46331787109375,244.46331787109375,481.32469177246094,3.1407835497667103,1.7907675731761254,0.0,-1,27.250062348220414,0.999059543136315,1.300839111328125,92.1466869097203,0.3769346162531817,92.1466869097203,36.135955650870706
plus_seed0,Plus(csp4),1354637,csp3.bn3,128x80x80,-0.4171451776123047,1.0571454476440252,-27.73116111755371,16.833932876586914,27.73116111755371,44.565093994140625,4.46742999586996,2.1411210360334776,0.0,2,23.944405251610146,0.997990318529684,1.29032275390625,9.207705911248922,0.33203463324947047,73.66164728999138,28.886920505878972
plus_seed0,Plus(csp4),1354637,csp3.relu3,128x80x80,0.4103373715209961,0.9185946619212378,0.0,22.49056053161621,22.49056053161621,22.49056053161621,15.392450208295948,1.7828254704407664,0.0,2,27.913012271278802,0.9991925084485882,2.445838134765625,10.078472621040419,0.4481201171875,80.62778096832335,31.61873763463661
plus_seed0,Plus(csp4),1354637,down3,256x40x40,-14.73060828125,56.97362819466888,-586.4443359375,432.29833984375,586.4443359375,1018.74267578125,2.071905451146886,1.641026449639364,0.0,-3,28.11984424781041,0.9992299765384338,1.12130615234375,366.45461505651474,0.62487535917743,91.61365376412868,35.92692304475635
plus_seed0,Plus(csp4),1354637,bn_down3,256x40x40,-1.4331432006835938,0.9208679695325204,-28.832157135009766,17.433488845825195,28.832157135009766,46.26564598083496,4.505967933962587,5.365434110006055,0.0,2,27.43681048158965,0.9990987365606294,1.38182958984375,8.811195831047371,0.3056030733249674,70.48956664837897,27.64296731308979
plus_seed0,Plus(csp4),1354637,csp4.conv1,256x40x40,-26.1104523828125,61.27953448227949,-462.1051330566406,513.6976928710938,513.6976928710938,975.8028259277344,0.3755362694597779,1.5081431515681618,0.0,-3,29.198753463564646,0.9993992395859406,0.48135693359375,277.3553548566997,0.5399194092279069,69.33883871417493,27.191701456539185
plus_seed0,Plus(csp4),1354637,csp4.bn1,256x40x40,-0.3919620523071289,1.2753531067568953,-20.36840057373047,22.319311141967773,22.319311141967773,42.68771171569824,2.464282928418309,2.0789332648161367,0.0,2,25.343176992698226,0.9985422112626197,1.20478076171875,8.242630900582299,0.3693048969187671,65.94104720465839,25.859234197905252
plus_seed0,Plus(csp4),1354637,csp4.relu1,256x40x40,0.29985805969238283,0.6493952431441742,0.0,22.319311141967773,22.319311141967773,22.319311141967773,17.86297464097728,3.062301532132519,1.171875,2,24.405502283942578,0.9981919281639139,2.4368125,7.5224143143277615,0.3370361328125,60.17931451462209,23.599731182204742
plus_seed0,Plus(csp4),1354637,csp4.conv2,256x40x40,-14.7453425390625,107.38779652924123,-1332.5125732421875,1374.16162109375,1374.16162109375,2706.6741943359375,3.0500077742874128,1.629810509865208,0.0,-4,27.41144038725146,0.9990937711454128,1.2229716796875,770.4944086223841,0.5607014464638569,96.31180107779801,37.76933375599922
plus_seed0,Plus(csp4),1354637,csp4.bn2,256x40x40,-0.27760103775024414,1.5104010023864223,-39.2923583984375,38.711830139160156,39.2923583984375,78.00418853759766,7.986663802634421,4.3245919209564505,0.0,1,20.542383992582288,0.9956160602025724,1.674775390625,14.821143000386655,0.37720166476380385,59.28457200154662,23.248851765312402
plus_seed0,Plus(csp4),1354637,csp4.relu2,256x40x40,0.4189719927978516,0.9942677664956296,0.0,38.711830139160156,38.711830139160156,38.711830139160156,26.137244019053988,4.992513621018191,7.03125,1,22.28826712075775,0.9970607257878813,2.6278564453125,13.330819436348975,0.3443603515625,53.3232777453959,20.91108931191996
plus_seed0,Plus(csp4),1354637,csp4.conv3,256x40x40,-23.13923060546875,27.886445981640225,-738.0156860351562,183.50393676757812,738.0156860351562,921.5196228027344,7.621309263433268,2.549735631736954,0.0,-3,23.887364422230245,0.997963509885698,1.30189013671875,308.41565680131316,0.4178985116945352,77.10391420032829,30.236829098167956
plus_seed0,Plus(csp4),1354637,csp4.bn3,256x40x40,-1.4617183129882811,1.2578087599859327,-45.15531539916992,10.30459213256836,45.15531539916992,55.45990753173828,21.895303704670084,3.081003682058129,0.0,1,22.57288456877179,0.9972472836984316,1.4302158203125,19.192333784885705,0.4250293374152473,76.76933513954282,30.105621623350125
plus_seed0,Plus(csp4),1354637,csp4.relu3,256x40x40,0.003750034165382385,0.06865310635572337,0.0,16.24825096130371,16.24825096130371,16.24825096130371,5686.058729985793,6.537893293493976,28.125,2,22.425901882769143,0.9976499577321966,0.4183291015625,1.1801402980927378,0.0726318359375,9.441122384741902,3.702400935192903
plus_seed0,Plus(csp4),1354637,PRE-HEAD,256x40x40,0.003750034165382385,0.06865310635572337,0.0,16.24825096130371,16.24825096130371,16.24825096130371,5686.058729985793,6.537893293493976,28.125,2,22.425901882769143,0.9976499577321966,0.4183291015625,1.1801402980927378,0.0726318359375,9.441122384741902,3.702400935192903
plus_seed0,Plus(csp4),1354637,head,15x40x40,1.4466259270833333,4.721991962483306,-94.58197784423828,128.58084106445312,128.58084106445312,223.1628189086914,18.198964984378616,35.577492455761494,0.0,-1,22.363905591899037,0.9971092698170384,0.020483333333333333,61.429005357436836,0.4777461778045502,61.429005357436836,24.08980602252425
plus_seed0,Plus(csp4),1354637,bn_head,15x40x40,-5.0140119140625,10.172287588130768,-27.748777389526367,20.578420639038086,27.748777389526367,48.32719802856445,0.6665010403343135,317837.23529411765,0.0,2,66.85791557509857,0.9999999579592547,0.0,27.74287807336077,0.9997874026634477,221.94302458688617,87.03648023015144
base_seed0,base,631437,conv1,16x320x320,-0.24225512405395508,1.2895799184239864,-9.122611999511719,8.268722534179688,9.122611999511719,17.391334533691406,2.679703111910266,1.2949257715441351,0.0,3,31.172898560844054,0.999618369367465,2.19519580078125,6.594159920699894,0.7228368279888306,105.50655873119831,41.37512107105816
base_seed0,base,631437,bn1,16x320x320,0.15320073799133302,1.2854549957450638,-14.458550453186035,16.016921997070312,16.016921997070312,30.475472450256348,5.7202717308914774,1.8438858937704012,0.0,2,25.124193172386832,0.998465907616906,1.2916064453125,10.611543399631046,0.6625207640751466,84.89234719704837,33.2911165478621
base_seed0,base,631437,relu1,16x320x320,0.5491918603515625,0.8402446240141752,0.0,16.016921997070312,16.016921997070312,16.016921997070312,17.619755054108985,1.7688982397129818,6.25,2,25.630207043574472,0.9986338844376643,1.8346220703125,10.313630802556872,0.6439208984375,82.50904642045498,32.356488792335284
base_seed0,base,631437,csp1.conv1,32x320x320,-0.5682397039794922,2.7924691294652857,-36.461299896240234,33.971771240234375,36.461299896240234,70.43307113647461,5.752684205654372,1.4742387759686995,0.0,1,25.896801358120136,0.9987169335375684,1.4740103149414063,23.30191756831482,0.6390863088980993,93.20767027325928,36.55202755814089
base_seed0,base,631437,csp1.bn1,32x320x320,-0.08328686050415039,1.3742838140297224,-23.584522247314453,26.11551856994629,26.11551856994629,49.70004081726074,11.185081209123556,2.308795973215732,0.0,2,25.569565790951664,0.9986170066020901,1.6425186157226563,14.259697694564238,0.5460239151051851,114.0775815565139,44.73630649275055
base_seed0,base,631437,csp1.relu1,32x320x320,0.42640335083007813,0.8410151866020121,0.0,26.11551856994629,26.11551856994629,26.11551856994629,40.60155241859838,2.541052632360362,0.0,2,25.61830432251017,0.9986334615062624,1.6992626953125,13.583767654607072,0.5201416015625,108.67014123685658,42.61574166151238
base_seed0,base,631437,csp1.conv2,32x320x320,-10.40704658203125,21.122070452240987,-355.5516052246094,271.72235107421875,355.5516052246094,627.2739562988281,8.545084366677216,1.4394589778495197,0.0,-2,26.153956289939284,0.9987898222592501,1.9522372436523439,198.65654462203383,0.5587277393855059,99.32827231101692,38.952263651379184
base_seed0,base,631437,csp1.bn2,32x320x320,-0.020088488302230836,1.4515023513342122,-29.531614303588867,22.48637580871582,29.531614303588867,52.01799011230469,11.229160724477978,1.6930615684014902,0.0,2,26.12505401174407,0.9987821536196825,2.0304697265625,14.488814184442163,0.49062045967061785,115.9105134755373,45.45510332374012
base_seed0,base,631437,csp1.relu2,32x320x320,0.46519817443847655,0.7453018535030261,0.0,22.48637580871582,22.48637580871582,22.48637580871582,19.87085505988356,2.0521317782904624,0.0,2,24.493036366219407,0.9982282387629868,1.7440740966796875,9.785635956795886,0.4351806640625,78.28508765436709,30.700034374261605
base_seed0,base,631437,csp1.conv3,32x320x320,-0.96488001953125,3.781285318153653,-58.042396545410156,49.83513259887695,58.042396545410156,107.87752914428711,3.01613251938927,1.5278188520990967,0.0,1,28.64143524651645,0.9993170641418762,1.2764427490234376,26.68785590911284,0.4597993449190762,106.75142363645136,41.863303386843675
base_seed0,base,631437,csp1.bn3,32x320x320,-0.33364413513183594,1.5153708837478959,-30.177265167236328,30.706758499145508,30.706758499145508,60.884023666381836,5.950946202693352,1.8026952677129824,0.0,2,26.66785910824451,0.9989245224118334,1.824397705078125,12.24353114538826,0.3987243116439323,97.94824916310608,38.41107810317886
base_seed0,base,631437,csp1.shortcut_conv.0,32x320x320,-0.7122611517333984,3.2897592416676424,-40.714622497558594,33.81364440917969,40.714622497558594,74.52826690673828,3.7216376471641572,1.350426882739926,0.0,1,27.35281295653456,0.9990817902492695,1.2852210693359376,24.62081095483154,0.6047166704372097,98.48324381932616,38.62087992914751
base_seed0,base,631437,csp1.shortcut_conv.1,32x320x320,-0.3323936521911621,1.1408220172411134,-20.115922927856445,18.430984497070312,20.115922927856445,38.54690742492676,10.353949764395626,1.6843245504877757,0.0,2,24.30689386153248,0.9981529794542523,1.63065576171875,11.688098957529292,0.5810371713715239,93.50479166023433,36.6685457491115
base_seed0,base,631437,csp1.relu3,32x320x320,0.42543884368896484,0.9588870031382387,0.0,31.3265438079834,31.3265438079834,31.3265438079834,27.1427922773007,1.7515646539119707,0.0,2,27.89067456699189,0.9991881797791431,2.2124534912109377,13.036155742360279,0.4161376953125,104.28924593888223,40.89774350544401
base_seed0,base,631437,down1,64x160x160,-3.5506731201171875,17.568720768928433,-271.9736328125,210.3371124267578,271.9736328125,482.3107452392578,5.675970911754506,1.3466298149742495,0.0,-2,23.83895398342688,0.9979401471006346,1.7735799560546874,143.21220705099404,0.526566511503434,71.60610352549702,28.080824911959617
base_seed0,base,631437,bn_down1,64x160x160,-0.4186743811035156,1.2385661442419116,-20.824077606201172,18.155481338500977,20.824077606201172,38.97955894470215,4.630652965118405,1.4897572648907034,0.0,2,25.14189808830798,0.9984729357803223,1.592526123046875,9.68502151616849,0.46508765955061565,77.48017212934792,30.384381227195263
base_seed0,base,631437,csp2.conv1,64x160x160,-0.2943151110839844,10.563902004870767,-151.65406799316406,153.3732147216797,153.3732147216797,305.02728271484375,5.255548300713656,1.3237211839219558,0.0,-1,25.23710832376399,0.9985065345341045,1.7529571533203125,81.39839325100183,0.5307210479920649,81.39839325100183,31.92093852980464
base_seed0,base,631437,csp2.bn1,64x160x160,-0.35767735412597657,1.4288025894239762,-22.072721481323242,19.6801700592041,22.072721481323242,41.752891540527344,5.357928702871677,1.4609109709884396,0.0,2,26.20938781411905,0.9988055595579113,1.688213134765625,11.377501563169062,0.5154553131473206,91.0200125053525,35.694122551118625
base_seed0,base,631437,csp2.relu1,64x160x160,0.33606439270019534,0.7084125121958331,0.0,19.6801700592041,19.6801700592041,19.6801700592041,25.95631346769237,1.7448989609067251,0.0,2,24.85649072301239,0.9983713545984388,2.0331546630859374,9.69354079454206,0.4925537109375,77.54832635633647,30.411108375033912
base_seed0,base,631437,csp2.conv2,64x160x160,-7.34149884765625,21.613711677598598,-263.4766845703125,227.76173400878906,263.4766845703125,491.23841857910156,2.3741428060832357,1.2565899856996325,0.0,-2,25.94120220201996,0.9987291917362275,1.1868292236328124,143.24560189805925,0.5436746789632239,71.62280094902962,28.087372921188088
base_seed0,base,631437,csp2.bn2,64x160x160,-0.37851081481933596,1.413855239499474,-21.00933074951172,17.579193115234375,21.00933074951172,38.588523864746094,3.7660785473922713,1.5732448142138586,0.0,2,26.131248304634113,0.9987840331242909,1.4643638916015624,10.537859979085624,0.501579993419378,84.302879832685,33.05995287556274
base_seed0,base,631437,csp2.relu2,64x160x160,0.34372400360107425,0.671608543064702,0.0,17.579193115234375,17.579193115234375,17.579193115234375,17.674660684327606,1.7552122790358955,0.0,2,24.461905889832135,0.9982160297443381,2.0447806396484376,8.27672703191638,0.4708251953125,66.21381625533104,25.966202453070995
base_seed0,base,631437,csp2.conv3,64x160x160,-1.2582106268310547,4.835597890233368,-64.01787567138672,62.60428237915039,64.01787567138672,126.62215805053711,1.8575760243247323,1.3536949286176894,0.0,0,24.750229547772125,0.9983292806355599,0.98304052734375,31.211508575361222,0.4875436469584611,62.423017150722444,24.479614568910762
base_seed0,base,631437,csp2.bn3,64x160x160,-0.4240694692993164,1.447945381779437,-22.86539649963379,24.63969612121582,24.63969612121582,47.50509262084961,3.92714555201054,1.938982253951121,0.0,2,26.39778418356931,0.9988560281855288,1.4532574462890624,10.832551383879036,0.4396381891476231,86.66041107103229,33.984474929816585
base_seed0,base,631437,csp2.relu3,64x160x160,0.3840625836181641,0.9407415984778861,0.0,31.615463256835938,31.615463256835938,31.615463256835938,24.190827847735513,2.1003210870837843,0.0,2,28.2812142026844,0.9992581199597301,2.42008984375,11.998593172058463,0.3795166015625,95.9887453764677,37.64264524567361
base_seed0,base,631437,down2,128x80x80,-14.01859662109375,28.74753834070074,-624.6293334960938,286.9931335449219,624.6293334960938,911.6224670410156,9.904888519063624,2.2244870586150483,0.0,-3,22.82704931891918,0.9974023269102309,1.86558544921875,301.35500894114375,0.48245414164979866,75.33875223528594,29.544608719719974
base_seed0,base,631437,bn_down2,128x80x80,-1.2962359338378906,0.8596420431793866,-22.05519676208496,10.495019912719727,22.05519676208496,32.55021667480469,8.381345665736422,3.105365136843059,0.0,2,26.690015618020585,0.9989301657072955,1.583599365234375,9.85283892415464,0.44673548055089823,78.82271139323711,30.910867213034162
base_seed0,base,631437,csp3.conv1,128x80x80,-5.647388588867187,20.409475654737744,-242.2183380126953,220.59262084960938,242.2183380126953,462.8109588623047,1.6030771227671385,1.5655707691153078,0.0,-1,31.299103901063468,0.9996294471348861,0.919994873046875,127.8149942997843,0.5276850437851043,127.8149942997843,50.123527176386
base_seed0,base,631437,csp3.bn1,128x80x80,-0.323756628112793,1.3411432724898678,-21.333444595336914,17.001691818237305,21.333444595336914,38.33513641357422,4.174774173686284,1.937396311916337,0.0,2,25.624809858353675,0.9986333599339574,1.482810546875,10.490852911956608,0.49175616553970425,83.92682329565287,32.91247972378544
base_seed0,base,631437,csp3.relu1,128x80x80,0.3341479223632812,0.6554537328537715,0.0,17.001691818237305,17.001691818237305,17.001691818237305,17.142595722487396,2.29533171621037,0.0,2,24.24838409505046,0.9981250379215666,2.054506103515625,8.04633290763013,0.4732666015625,64.37066326104105,25.243397357270997
base_seed0,base,631437,csp3.conv2,128x80x80,-10.594015927734375,43.28890494714449,-635.7789916992188,518.4853515625,635.7789916992188,1154.2643432617188,2.509592768550858,1.6635848932786204,0.0,-3,25.70808081492002,0.9986594340424039,1.121459228515625,312.9738634750247,0.49226833154482363,78.24346586875618,30.68371210539458
base_seed0,base,631437,csp3.bn2,128x80x80,-0.3408864556884766,1.590896845941246,-33.227596282958984,26.17389488220215,33.227596282958984,59.40149116516113,5.111874924508754,2.4860791613167414,0.0,1,21.029214839014514,0.9960794504942443,1.496731201171875,13.071051310980693,0.3933793825972382,52.28420524392277,20.503609899577558
base_seed0,base,631437,csp3.relu2,128x80x80,0.4355802536010742,0.9949190877817121,0.0,26.17389488220215,26.17389488220215,26.17389488220215,21.811980198498,2.891716710504633,0.0,2,28.235233594508024,0.99925013174497,2.39469140625,12.540592945879325,0.4791259765625,100.3247435670346,39.34303669295475
base_seed0,base,631437,csp3.conv3,128x80x80,-12.3906969921875,15.265518638349489,-247.2308807373047,73.12427520751953,247.2308807373047,320.3551559448242,4.838059471739546,1.6973396848572444,0.0,-1,30.638625152276834,0.9995686667264022,1.4960625,137.69538369122893,0.556950585139634,137.69538369122893,53.99818968283487
base_seed0,base,631437,csp3.bn3,128x80x80,-1.2873790759277344,1.336491569173868,-25.11971092224121,10.134373664855957,25.11971092224121,35.25408458709717,5.6516592594813595,2.434552296825242,0.0,2,28.203872302401685,0.9992447160010066,1.635066650390625,12.549254247569479,0.49957797231090983,100.39403398055583,39.370209404139544
base_seed0,base,631437,csp3.relu3,128x80x80,0.00011552038237452507,0.016632809014532138,0.0,10.029789924621582,10.029789924621582,10.029789924621582,56634.28664033669,4.206927531982479,3.125,3,32.60819466986745,0.999725817134268,0.0104501953125,0.07468471501488239,0.0074462890625,1.1949554402381182,0.4686099765639679
base_seed0,base,631437,down3,256x40x40,-0.0409509107208252,1.2026072568870458,-161.1361541748047,161.3378143310547,161.3378143310547,322.4739685058594,2086.926442753214,1.5603101917000664,0.0,-1,7.538446586489073,0.9145975120009235,0.16357177734375,50.2463630028069,0.31143574871855295,50.2463630028069,19.704456079532118
base_seed0,base,631437,bn_down3,256x40x40,0.26553614334106446,4.2642222716422955,-214.6027069091797,302.43438720703125,302.43438720703125,517.0370941162109,5.363093002494434,37.96567202092081,0.0,-2,12.5347720213693,0.9720392999643239,0.03822900390625,33.65234694443643,0.11127156291721464,16.826173472218215,6.598499400869889
base_seed0,base,631437,PRE-HEAD,256x40x40,0.26553614334106446,4.2642222716422955,-214.6027069091797,302.43438720703125,302.43438720703125,517.0370941162109,5.363093002494434,37.96567202092081,0.0,-2,12.5347720213693,0.9720392999643239,0.03822900390625,33.65234694443643,0.11127156291721464,16.826173472218215,6.598499400869889
base_seed0,base,631437,head,15x40x40,-36.53268308333333,161.83703241656218,-1553.1712646484375,1605.248046875,1605.248046875,3158.4193115234375,1.525485237257687,29.12612560922081,0.0,-4,32.43753794605074,0.9997148766664932,0.014825,744.316611006856,0.4636770077097098,93.039576375857,36.48610838268902
base_seed0,base,631437,bn_head,15x40x40,-5.20691378125,10.474226206485557,-49.16143798828125,46.80355453491211,49.16143798828125,95.96499252319336,0.4243570304135482,839895.3577610345,0.0,1,41.851330559030956,0.9999823211238215,0.001375,27.75908919190988,0.5646516930307631,111.03635676763952,43.54366932064295
plus_seed1,Plus(csp4),1354637,conv1,16x320x320,0.025258113536834718,1.4267732046321937,-7.602616786956787,8.679739952087402,8.679739952087402,16.28235673904419,3.629916925981334,1.3893458950086885,0.0,3,31.92595323650544,0.9996791852170385,2.3001455078125,6.777614048856776,0.7808545055807598,108.44182478170842,42.5262057967484
plus_seed1,Plus(csp4),1354637,bn1,16x320x320,0.18125327865600585,1.149766171965914,-17.077810287475586,17.019289016723633,17.077810287475586,34.09709930419922,4.01289543646292,2.581100015802771,0.0,2,24.176652090936585,0.9980905631328167,1.0041776123046875,9.68125360738486,0.566890804173228,77.45002885907888,30.37256033689368
plus_seed1,Plus(csp4),1354637,relu1,16x320x320,0.5320791732788086,0.7865496900145362,0.0,17.019289016723633,17.019289016723633,17.019289016723633,10.824536296673166,2.1347664780037094,12.5,2,25.36291358201854,0.9985486858955896,1.1874256591796875,9.09759113821201,0.5345458984375,72.78072910569608,28.54146239439062
plus_seed1,Plus(csp4),1354637,csp1.conv1,32x320x320,-0.3663464663696289,2.0792367686283315,-26.940208435058594,27.79294204711914,27.79294204711914,54.733150482177734,3.474787634589969,1.6704629252165086,0.0,2,29.316066167871163,0.9994159073819614,1.130030517578125,15.96284439181909,0.5743488532000773,127.70275513455272,50.079511817471655
plus_seed1,Plus(csp4),1354637,csp1.bn1,32x320x320,-0.014704324254989624,1.1513300543520346,-22.391340255737305,25.74181365966797,25.74181365966797,48.13315391540527,13.98388934377829,2.260831162654077,0.0,2,24.03320238211942,0.9980304269792533,1.5629476318359374,13.044579087989405,0.5067466985990785,104.35663270391524,40.9241696878099
plus_seed1,Plus(csp4),1354637,csp1.relu1,32x320x320,0.3856485357666016,0.7336649704683509,0.0,25.74181365966797,25.74181365966797,25.74181365966797,43.030008559563484,3.7771644575336683,3.125,2,24.269604592527443,0.9981338325817571,1.8847952270507813,11.931355769746006,0.4635009765625,95.45084615796804,37.431704375673746
plus_seed1,Plus(csp4),1354637,csp1.conv2,32x320x320,-6.039922221679688,19.03157301515195,-320.93743896484375,221.53164672851562,320.93743896484375,542.4690856933594,7.41561101465188,1.469722381243762,0.0,-2,24.78681647206272,0.99834303223685,1.8914365234375,168.1693505011499,0.5239941810577343,84.08467525057495,32.97438245120586
plus_seed1,Plus(csp4),1354637,csp1.bn2,32x320x320,0.06053619190216065,1.2533984080000324,-22.493757247924805,20.53794288635254,22.493757247924805,43.031700134277344,7.998223649588109,1.918942827663042,0.0,2,24.84840143305672,0.9983671418447664,1.76397607421875,11.37338259164244,0.5056239589627344,90.98706073313951,35.68120028750569
plus_seed1,Plus(csp4),1354637,csp1.relu2,32x320x320,0.4681907669067383,0.7245857482819811,0.0,20.53794288635254,20.53794288635254,20.53794288635254,16.262887236582724,2.1388343808217942,3.125,2,24.21009177129242,0.9981076398734888,1.8553975219726562,8.812361968448386,0.4290771484375,70.49889574758708,27.646625783367483
plus_seed1,Plus(csp4),1354637,csp1.conv3,32x320x320,-0.9133012182617187,3.1202029769140878,-43.51321792602539,41.947021484375,43.51321792602539,85.46023941040039,4.44953703906066,1.3740605274047182,0.0,1,27.052016093506897,0.9990156671476034,1.3949572143554687,24.912679978180677,0.5725313172777398,99.6507199127227,39.07871369126381
plus_seed1,Plus(csp4),1354637,csp1.bn3,32x320x320,-0.10122593406677247,1.226952981621627,-29.33031463623047,21.153705596923828,29.33031463623047,50.4840202331543,7.124063876336553,2.510089037993641,0.0,2,24.618980093997234,0.9982779691428948,1.7889722900390626,10.745073983911425,0.36634704118170286,85.9605918712914,33.710036027957415
plus_seed1,Plus(csp4),1354637,csp1.shortcut_conv.0,32x320x320,-0.5277827032470703,1.9805180746295816,-28.374610900878906,25.35946273803711,28.374610900878906,53.734073638916016,5.195275823273267,1.4002910493151883,0.0,2,29.030801788110494,0.9993753814853686,1.37480419921875,16.720818330999464,0.5892880219365946,133.7665466479957,52.45746927372381
plus_seed1,Plus(csp4),1354637,csp1.shortcut_conv.1,32x320x320,-0.08929780281066894,1.2245411415684062,-16.98969078063965,23.670747756958008,23.670747756958008,40.660438537597656,7.828614529065762,1.9939280838802784,0.0,2,24.592364742357077,0.9982662542733214,1.703919921875,10.889632313512266,0.46004597849306483,87.11705850809813,34.16355235611691
plus_seed1,Plus(csp4),1354637,csp1.relu3,32x320x320,0.5982958361816406,1.079084623934025,0.0,26.747802734375,26.747802734375,26.747802734375,18.328790231757683,1.6433061084684646,0.0,2,28.044151148146078,0.9992165668946472,1.9906116333007813,13.36410602927208,0.4996337890625,106.91284823417664,41.9266071506575
plus_seed1,Plus(csp4),1354637,down1,64x160x160,-6.441022509765625,21.78784701309867,-318.07757568359375,316.865234375,318.07757568359375,634.9428100585938,5.850956611253869,1.3635545735164074,0.0,-2,25.891600861825523,0.9987144236346426,1.7064239501953125,181.12152766436338,0.5694256417639866,90.56076383218169,35.51402503222811
plus_seed1,Plus(csp4),1354637,bn_down1,64x160x160,-0.32648884552001955,1.3511367888300247,-21.819299697875977,27.510446548461914,27.510446548461914,49.32974624633789,6.867080035772458,1.9382791834407886,0.0,2,25.668512064177374,0.9986470696862383,1.8047061767578125,11.793173294048756,0.42867982071007504,94.34538635239005,36.998190726427474
plus_seed1,Plus(csp4),1354637,csp2.conv1,64x160x160,-0.5407180215454102,12.707107396893127,-176.64505004882812,184.2901153564453,184.2901153564453,360.93516540527344,5.7525064243831,1.4669479918666883,0.0,-1,26.879514353369483,0.998975902455373,1.816662841796875,100.44494692794979,0.5450370831537756,100.44494692794979,39.39017526586266
plus_seed1,Plus(csp4),1354637,csp2.bn1,64x160x160,-0.08492641479492187,1.2141318600150786,-20.68128776550293,21.471628189086914,21.471628189086914,42.152915954589844,5.595644255725498,2.200518626629573,0.0,2,24.532701159484557,0.9982439945498847,1.741130859375,9.798302262090147,0.45633718019904024,78.38641809672117,30.739771802635754
plus_seed1,Plus(csp4),1354637,csp2.relu1,64x160x160,0.37486228332519533,0.6947142739795152,0.0,21.471628189086914,21.471628189086914,21.471628189086914,17.185097221290626,2.35843888605711,0.0,2,24.088515473795553,0.998055869358375,2.1324166259765627,8.34279693919234,0.3885498046875,66.74237551353872,26.173480593544596
plus_seed1,Plus(csp4),1354637,csp2.conv2,64x160x160,-10.209706767578124,25.73466987052815,-346.04742431640625,299.4359436035156,346.04742431640625,645.4833679199219,3.392821115039564,1.4789176882710329,0.0,-2,27.618377529012147,0.9991358282022146,1.41772021484375,180.81565887108445,0.5225169909247953,90.40782943554223,35.454050759036164
plus_seed1,Plus(csp4),1354637,csp2.bn2,64x160x160,-0.13305826805114745,1.288074084782846,-23.438247680664062,14.672411918640137,23.438247680664062,38.1106595993042,4.713496000272735,1.5188704032530778,0.0,2,25.102346966858605,0.9984592096499121,1.499343505859375,10.360969344037585,0.44205392336497545,82.88775475230068,32.50500186364732
plus_seed1,Plus(csp4),1354637,csp2.relu2,64x160x160,0.39605670684814454,0.6841473723810506,0.0,14.672411918640137,14.672411918640137,14.672411918640137,9.784544873578067,1.7180052469874043,0.0,3,30.246665628208284,0.9995280282519123,2.016299560546875,7.037097952677868,0.4796142578125,112.5935672428459,44.154340095233685
plus_seed1,Plus(csp4),1354637,csp2.conv3,64x160x160,-2.5153484729003908,5.392941823624901,-62.98966598510742,65.00275421142578,65.00275421142578,127.9924201965332,2.053801425334072,1.3905490904863325,0.0,0,26.295529898705055,0.9988288209880924,1.0270487060546876,35.35067778592929,0.5438335377443987,70.70135557185858,27.72602179288572
plus_seed1,Plus(csp4),1354637,csp2.bn3,64x160x160,-0.33332494384765626,1.1479638024437295,-20.781152725219727,17.53451919555664,20.781152725219727,38.31567192077637,4.117562920970643,1.9129742142718478,0.0,2,24.39138789410834,0.9981862354762381,1.39044189453125,9.092814818723127,0.4375510318870911,72.74251854978502,28.52647786266079
plus_seed1,Plus(csp4),1354637,csp2.relu3,64x160x160,0.3853648767089844,0.8388112952827895,0.0,31.47730255126953,31.47730255126953,31.47730255126953,23.96395961809561,2.5820943488036248,0.0,2,26.779544668614133,0.9989521836040401,2.2177822265625,11.369792266748846,0.3612060546875,90.95833813399076,35.669936523133636
plus_seed1,Plus(csp4),1354637,down2,128x80x80,-4.401518315429687,18.70026875525956,-306.3377990722656,220.9415283203125,306.3377990722656,527.2793273925781,3.2743915979086724,1.5850605004136442,0.0,-2,24.416876032683092,0.9981964635936001,1.3424091796875,136.86435314640403,0.4467759237054435,68.43217657320201,26.836147675765496
plus_seed1,Plus(csp4),1354637,bn_down2,128x80x80,-0.3557900030517578,1.4526534856136681,-25.18584632873535,23.317686080932617,25.18584632873535,48.50353240966797,3.21312096770082,1.9565427379290097,0.0,2,26.326539781805476,0.9988373446333569,1.291697021484375,10.567289014346898,0.41957252007411533,84.53831211477518,33.15227926069615
plus_seed1,Plus(csp4),1354637,csp3.conv1,128x80x80,-0.37967765010833743,21.61034238523324,-266.8902893066406,281.574462890625,281.574462890625,548.4647521972656,4.075952888122242,1.4344541868374583,0.0,-2,25.4585609734438,0.9985802894537894,1.457015380859375,161.6647496111691,0.5741456378946065,80.83237480558455,31.69897051199394
plus_seed1,Plus(csp4),1354637,csp3.bn1,128x80x80,-0.035418916883468626,1.2611546421167634,-26.908241271972656,22.109012603759766,26.908241271972656,49.01725387573242,4.563607705275371,2.5157115683553943,0.0,2,24.859999128523953,0.998370524459323,1.463287841796875,10.159860261250287,0.3775742962373647,81.2788820900023,31.87407140784404
plus_seed1,Plus(csp4),1354637,csp3.relu1,128x80x80,0.4387715234375,0.75552410889831,0.0,22.109012603759766,22.109012603759766,22.109012603759766,17.366479242918576,2.948239111389308,0.0,2,24.829119019557105,0.9983590217263585,1.9211865234375,9.378517919685692,0.4241943359375,75.02814335748553,29.422801316660994
plus_seed1,Plus(csp4),1354637,csp3.conv2,128x80x80,-16.51571166015625,59.71763573985979,-544.0673828125,489.7470703125,544.0673828125,1033.814453125,1.5007042566992101,1.431269655106872,0.0,-3,28.570632923747578,0.9993059153404046,1.15226171875,302.34296107292175,0.5557086688600796,75.58574026823044,29.641466771855075
plus_seed1,Plus(csp4),1354637,csp3.bn2,128x80x80,-0.28148424911499026,1.2290758599659142,-21.9318904876709,22.562850952148438,22.562850952148438,44.494741439819336,2.3394570526104843,2.614706264895241,0.0,2,24.834128799200585,0.9983612975806121,1.1211513671875,8.336878546280786,0.3694957948338061,66.69502837024629,26.154913086371096
plus_seed1,Plus(csp4),1354637,csp3.relu2,128x80x80,0.3368423779296875,0.6483690192785014,0.0,22.562850952148438,22.562850952148438,22.562850952148438,11.97141892153924,3.312064360728286,0.0,2,24.147244806077364,0.9980810283528919,2.278909423828125,6.767202733084559,0.2999267578125,54.137621864676476,21.230439946931952
plus_seed1,Plus(csp4),1354637,csp3.conv3,128x80x80,-3.225657216796875,8.434883870590705,-127.19233703613281,115.50129699707031,127.19233703613281,242.69363403320312,2.7475002452682356,1.3685625829799835,0.0,-1,23.880430768358654,0.997960257424687,1.194927001953125,61.21593042090535,0.4812863089662007,61.21593042090535,24.00624722388445
plus_seed1,Plus(csp4),1354637,csp3.bn3,128x80x80,-0.3749899914550781,1.0225245377293966,-23.21017837524414,16.93487548828125,23.21017837524414,40.14505386352539,3.90209450565097,2.341491955927482,0.0,2,23.57356312724906,0.9978112137914404,1.31210400390625,8.15088265715167,0.35117707952840893,65.20706125721335,25.571396571456216
plus_seed1,Plus(csp4),1354637,csp3.relu3,128x80x80,0.3906135000610352,0.8736052778347282,0.0,23.998750686645508,23.998750686645508,23.998750686645508,15.879671596667801,2.0330689309720786,0.0,2,27.422522098115074,0.9990960241712137,2.586317138671875,9.863744331290945,0.4110107421875,78.90995465032756,30.945080255030415
plus_seed1,Plus(csp4),1354637,down3,256x40x40,-6.349342802734375,51.88451711226929,-451.2857971191406,304.1025695800781,451.2857971191406,755.3883666992188,1.5313542491741314,1.6497990269666698,0.0,-2,33.11269764717526,0.9997559121507226,1.17174365234375,269.3544924929738,0.5968601143941242,134.6772462464869,52.81460637117134
plus_seed1,Plus(csp4),1354637,bn_down3,256x40x40,-1.3767714208984374,0.9280240293917758,-17.570148468017578,13.827080726623535,17.570148468017578,31.397229194641113,3.164181916644515,3.4933497842433474,0.0,2,27.315672938633977,0.9990737946742444,1.243142578125,8.137948633055203,0.4631690305786812,65.10358906444162,25.5308192409575
plus_seed1,Plus(csp4),1354637,csp4.conv1,256x40x40,-7.4212258203125,46.56289300316215,-305.70855712890625,338.9701232910156,338.9701232910156,644.6786804199219,-0.07907649918797333,1.4283999959027498,0.0,-2,32.21983678673111,0.9997002406936565,0.21935400390625,182.23433232679963,0.5376117828837269,91.11716616339982,35.73222202486267
plus_seed1,Plus(csp4),1354637,csp4.bn1,256x40x40,-0.3515992404174805,1.1542126541894158,-13.617411613464355,18.82647132873535,18.82647132873535,32.44388294219971,1.952320094282891,2.2205906276390834,0.0,2,24.465386893581275,0.9982166896698098,1.065298828125,7.134179633925669,0.3789440681343496,57.07343707140535,22.3817400280021
plus_seed1,Plus(csp4),1354637,csp4.relu1,256x40x40,0.28811178604125975,0.6056540441681703,0.0,18.82647132873535,18.82647132873535,18.82647132873535,12.705184161085908,2.758489599763011,0.390625,2,24.049809036391263,0.9980383667703295,2.46103857421875,6.418741994770244,0.3409423828125,51.34993595816195,20.13722978751449
plus_seed1,Plus(csp4),1354637,csp4.conv2,256x40x40,-18.492399599609374,86.65139800977458,-1062.431640625,839.8006591796875,1062.431640625,1902.2322998046875,1.3844115248493418,1.635474476256937,0.0,-4,25.659204396638593,0.9986442446408386,0.95990625,487.5440187007189,0.45889448323838494,60.94300233758986,23.899216602976416
plus_seed1,Plus(csp4),1354637,csp4.bn2,256x40x40,-0.3015024085998535,1.308819074351314,-28.050321578979492,34.86128234863281,34.86128234863281,62.911603927612305,5.982807216698969,4.673193601862715,0.0,1,19.381780630165707,0.9942855870098536,1.5226943359375,12.106511543272063,0.3472767129504878,48.42604617308825,18.99060634238755
plus_seed1,Plus(csp4),1354637,csp4.relu2,256x40x40,0.35020911376953123,0.8290524066903187,0.0,34.86128234863281,34.86128234863281,34.86128234863281,22.616840650525926,5.162399267612655,12.109375,1,21.065019624181286,0.9961106954824643,2.70302685546875,10.787762543186545,0.3094482421875,43.15105017274618,16.921980459900464
plus_seed1,Plus(csp4),1354637,csp4.conv3,256x40x40,-7.98874560546875,19.737986470283733,-514.7760620117188,173.23512268066406,514.7760620117188,688.0111846923828,6.716284572195622,3.1391273772992268,0.0,-3,19.280515731930116,0.9941537186688046,1.36269482421875,192.3548049274832,0.37366695758107005,48.0887012318708,18.858314208576786
plus_seed1,Plus(csp4),1354637,csp4.bn3,256x40x40,-1.492410830078125,1.1870055476386356,-33.72427749633789,15.0173921585083,33.72427749633789,48.74166965484619,10.174118963871857,3.1660475272291273,0.0,1,22.424181847144787,0.9971520671466853,1.38638525390625,14.761911628418602,0.4377235844421454,59.04764651367441,23.15593980928408
plus_seed1,Plus(csp4),1354637,csp4.relu3,256x40x40,0.007104210824966431,0.09205225505394425,0.0,19.959991455078125,19.959991455078125,19.959991455078125,2381.988838079795,8.035551426143053,39.453125,2,22.327643930261495,0.9970802517307865,0.770859375,1.8347013629972935,0.0919189453125,14.677610903978348,5.7559258446973915
plus_seed1,Plus(csp4),1354637,PRE-HEAD,256x40x40,0.007104210824966431,0.09205225505394425,0.0,19.959991455078125,19.959991455078125,19.959991455078125,2381.988838079795,8.035551426143053,39.453125,2,22.327643930261495,0.9970802517307865,0.770859375,1.8347013629972935,0.0919189453125,14.677610903978348,5.7559258446973915
plus_seed1,Plus(csp4),1354637,head,15x40x40,1.290030185546875,3.048061587844734,-44.376338958740234,80.88099670410156,80.88099670410156,125.2573356628418,13.608856412621442,20.219289416505454,0.0,0,23.936661067883357,0.9980908144600767,0.02155,29.154242975171655,0.3604585027782331,58.30848595034331,22.86607292170326
plus_seed1,Plus(csp4),1354637,bn_head,15x40x40,-4.87929109375,9.985662960253828,-27.7335205078125,15.998926162719727,27.7335205078125,43.73244667053223,0.8868061363632966,1262012697.3254547,0.0,2,58.68930110800552,0.9999994934610819,0.0,27.72818207438104,0.9998075097090556,221.8254565950483,86.99037513531306
base_seed1,base,631437,conv1,16x320x320,-0.13822300186157227,1.3039082562142028,-9.522332191467285,8.914246559143066,9.522332191467285,18.43657875061035,3.228275555746162,1.2937373359368485,0.0,3,31.14908176425612,0.9996161781398213,1.947204345703125,6.666372909909114,0.7000777515284206,106.66196655854583,41.82822217982189
base_seed1,base,631437,bn1,16x320x320,0.2510276947021484,1.2770606285270607,-14.764814376831055,17.20629119873047,17.20629119873047,31.971105575561523,4.4483039155976,1.6395461208290385,0.0,2,25.0701333985009,0.9984458122032451,1.1647760009765624,10.89558835257776,0.6332328232002531,87.16470682062209,34.182237968871405
base_seed1,base,631437,relu1,16x320x320,0.6132176815795899,0.9029336091119728,0.0,17.20629119873047,17.20629119873047,17.20629119873047,12.534583030717993,1.7035709254372398,6.25,2,26.334060659886394,0.9988400792014774,1.3714942626953126,10.798039923422039,0.6275634765625,86.38431938737631,33.87620368132404
base_seed1,base,631437,csp1.conv1,32x320x320,-0.5174767144775391,3.0950400653664456,-31.76563262939453,35.91891860961914,35.91891860961914,67.68455123901367,2.5459129219139003,1.4187813805452199,0.0,1,26.784692939574335,0.9989529764836298,1.0957787475585938,20.85116825113073,0.5805065703048965,83.40467300452292,32.70771490373448
base_seed1,base,631437,csp1.bn1,32x320x320,-0.00123678653717041,1.4140425662951621,-24.350374221801758,22.598051071166992,24.350374221801758,46.94842529296875,9.0577372601831,1.9802373377219635,0.0,2,25.87975111981887,0.9987119796063944,1.729145263671875,13.525863908231258,0.5554684205272324,108.20691126585007,42.43408284935297
base_seed1,base,631437,csp1.relu1,32x320x320,0.4846070718383789,0.8586853558595207,0.0,22.598051071166992,22.598051071166992,22.598051071166992,22.7801172724614,2.110130897754563,0.0,2,25.817726235571463,0.9986936995466883,1.8822192993164062,11.45626295148395,0.5069580078125,91.6501036118716,35.94121710269474
base_seed1,base,631437,csp1.conv2,32x320x320,-6.472002065429687,23.74505117287756,-460.1907653808594,349.427978515625,460.1907653808594,809.6187438964844,7.856166532770182,1.3444250390791732,0.0,-2,26.574723233616986,0.9989019666115913,1.7469747924804688,222.89894359186292,0.4843620523488538,111.44947179593146,43.70567521409077
base_seed1,base,631437,csp1.bn2,32x320x320,-0.021677897062301634,1.4654519955293082,-28.99313735961914,23.178468704223633,28.99313735961914,52.17160606384277,8.027256195432257,1.5791732770263844,0.0,2,26.18417413093748,0.9987977444127589,1.880066650390625,13.179892992367968,0.45458664334562726,105.43914393894374,41.348683897624994
base_seed1,base,631437,csp1.relu2,32x320x320,0.48719665313720706,0.8303365306052999,0.0,23.178468704223633,23.178468704223633,23.178468704223633,17.212692089078608,1.5708002539196027,0.0,2,25.50823283729548,0.9985949252151444,1.90242724609375,10.126433043507859,0.4368896484375,81.01146434806287,31.769201705122697
base_seed1,base,631437,csp1.conv3,32x320x320,-1.5706683056640625,4.63554057739506,-92.53404998779297,76.79502868652344,92.53404998779297,169.3290786743164,5.542576832739609,1.4321323226204963,0.0,0,24.61576934429648,0.9982768469019059,1.6368036499023437,38.44051984976977,0.4154202680509588,76.88103969953954,30.14942733315276
base_seed1,base,631437,csp1.bn3,32x320x320,-0.27368533172607423,1.5450766092988029,-36.24115753173828,41.69999313354492,41.69999313354492,77.9411506652832,8.291686029335718,1.6887810488508646,0.0,1,20.756939623584945,0.9958286074516979,1.7285613403320312,14.71029523247853,0.3527649317679397,58.84118092991412,23.07497291369181
base_seed1,base,631437,csp1.shortcut_conv.0,32x320x320,-1.1412670977783204,3.4025682636035053,-43.3004264831543,33.26717758178711,43.3004264831543,76.5676040649414,3.632042007426218,1.356167328950704,0.0,1,27.917702253539293,0.9991933289871531,1.2262096557617188,26.037198369391263,0.6013150558579564,104.14879347756505,40.84266410884904
base_seed1,base,631437,csp1.shortcut_conv.1,32x320x320,-0.25610694412231444,1.2261500848328524,-21.60307502746582,15.621052742004395,21.60307502746582,37.224127769470215,9.273015967902591,1.2559980482848385,0.0,2,24.8274213747669,0.9983587066722934,1.8540824584960938,11.765399658703245,0.544616895684753,94.12319726962596,36.9110577527945
base_seed1,base,631437,csp1.relu3,32x320x320,0.5158597161865235,1.0740642028795884,0.0,45.613853454589844,45.613853454589844,45.613853454589844,26.575881795613977,2.289867858703942,0.0,1,22.557061427624653,0.9972348868473174,2.0030987548828123,15.050567124970257,0.3299560546875,60.20226849988103,23.608732745051384
base_seed1,base,631437,down1,64x160x160,-4.956718264160156,21.88545652196319,-319.55859375,344.3943786621094,344.3943786621094,663.9529724121094,5.222895493453263,1.1778020539776026,0.0,-2,25.749721460324974,0.9986722788059255,1.67672998046875,173.30005190894008,0.5032023245622351,86.65002595447004,33.98040233508629
base_seed1,base,631437,bn_down1,64x160x160,-0.37005929809570315,1.3247603930700873,-33.69795608520508,21.353389739990234,33.69795608520508,55.05134582519531,6.615533745466903,2.269501858450741,0.0,1,19.58147508805282,0.9945423415874849,1.74342724609375,11.568551568314433,0.3433012832903996,46.27420627325773,18.146747558140287
base_seed1,base,631437,csp2.conv1,64x160x160,-1.2910554357910156,12.315324625333247,-200.43275451660156,207.37765502929688,207.37765502929688,407.81040954589844,5.9016407278195935,1.2871341576363804,0.0,-1,26.637920467492478,0.9989177489133977,1.85290283203125,98.52993367426097,0.47512319328879166,98.52993367426097,38.63918967618078
base_seed1,base,631437,csp2.bn1,64x160x160,-0.3311148828125,1.4756251281584767,-26.659029006958008,22.009687423706055,26.659029006958008,48.66871643066406,5.640517434462721,1.5402993628826456,0.0,2,26.46041036479901,0.9988720653814086,1.7337720947265625,12.085742702707648,0.4533451949639002,96.68594162166119,37.916055537906345
base_seed1,base,631437,csp2.relu1,64x160x160,0.3626689739990234,0.735002277872121,0.0,22.009687423706055,22.009687423706055,22.009687423706055,22.850149997991753,1.8895749452584985,0.0,2,25.145328354940286,0.9984733943205222,2.12268603515625,9.572816930012777,0.4349365234375,76.58253544010222,30.032366839255772
base_seed1,base,631437,csp2.conv2,64x160x160,-9.76398236328125,23.23558887320338,-290.6150817871094,308.0514831542969,308.0514831542969,598.6665649414062,2.927104219182069,1.2430077356503317,0.0,-2,26.77755812615167,0.9989511506935091,1.412874267578125,157.0989911928773,0.5099764155791762,78.54949559643865,30.80372376330927
base_seed1,base,631437,csp2.bn2,64x160x160,-0.36742946044921876,1.4824284719195284,-25.873859405517578,17.23446273803711,25.873859405517578,43.10832214355469,3.6766615817329162,1.429774424581608,0.0,2,26.512413319416048,0.9988857633397897,1.48296533203125,10.913293017074466,0.421788371268154,87.30634413659573,34.23778201435127
base_seed1,base,631437,csp2.relu2,64x160x160,0.3676034143066406,0.7135406298175682,0.0,17.23446273803711,17.23446273803711,17.23446273803711,14.067114096025499,1.59641664892541,0.0,2,24.921030182571013,0.9983946955414681,2.19803125,7.975567412097007,0.4627685546875,63.804539296776056,25.021387959520023
base_seed1,base,631437,csp2.conv3,64x160x160,-1.4289723022460938,5.606113560494784,-66.2827377319336,78.51605224609375,78.51605224609375,144.79878997802734,2.1731824708933862,1.352027960462557,0.0,0,26.03303944479995,0.9987560717516949,1.129989501953125,35.2266495982185,0.4486553843513071,70.453299196437,27.62874478291647
base_seed1,base,631437,csp2.bn3,64x160x160,-0.3556851724243164,1.4971719744754086,-25.492265701293945,22.2962589263916,25.492265701293945,47.78852462768555,3.5616627479015577,1.9228176089224251,0.0,2,26.59811826619784,0.9989074673473257,1.3773531494140625,11.183326868806034,0.43869489671286405,89.46661495044827,35.08494703939148
base_seed1,base,631437,csp2.relu3,64x160x160,0.4650471160888672,1.0344477348308732,0.0,28.704620361328125,28.704620361328125,28.704620361328125,17.9647328732989,1.914373823907997,0.0,2,28.75691215080622,0.99933491228961,2.390236572265625,12.274448867887259,0.4276123046875,98.19559094309807,38.5080748796463
base_seed1,base,631437,down2,128x80x80,-18.91936638671875,31.187205538090403,-466.44525146484375,205.86219787597656,466.44525146484375,672.3074493408203,5.058587851177746,1.7534465749871633,0.0,-2,29.99278997084844,0.9994995382278369,1.653951416015625,262.5043320786208,0.56277629851358,131.2521660393104,51.47143766247466
base_seed1,base,631437,bn_down2,128x80x80,-1.4405648913574218,0.8316324959027902,-18.12939453125,10.111873626708984,18.12939453125,28.241268157958984,4.181300485373511,3.0033341028991343,0.0,2,27.249592350686495,0.9990594163259051,1.363712890625,8.038794934283942,0.44341221216336324,64.31035947427154,25.219748813439818
base_seed1,base,631437,csp3.conv1,128x80x80,-10.771787646484375,24.187123478186624,-194.91717529296875,204.0016632080078,204.0016632080078,398.91883850097656,1.2797412308827365,1.4635925208486467,0.0,-1,33.236214509709,0.9997627694045572,0.9018251953125,126.79126525111496,0.6215207428080319,126.79126525111496,49.72206480435881
base_seed1,base,631437,csp3.bn1,128x80x80,-0.5050447793579101,1.3703459856739446,-21.77289581298828,18.440549850463867,21.77289581298828,40.21344566345215,2.81684450948368,2.1746940193466786,0.0,2,26.112094838502674,0.9987784543511048,1.28389453125,9.63326554861851,0.44244300948117044,77.06612438894808,30.222009564293366
base_seed1,base,631437,csp3.relu1,128x80x80,0.2868515672302246,0.6171493944198904,0.0,18.440549850463867,18.440549850463867,18.440549850463867,19.839745866551226,2.276417207104763,0.0,2,24.075512531061896,0.9980497389817006,2.289595703125,7.669305827701464,0.4158935546875,61.354446621611714,24.06056730259283
base_seed1,base,631437,csp3.conv2,128x80x80,-11.818051953125,40.288466315227716,-532.5187377929688,449.5431213378906,532.5187377929688,982.0618591308594,2.3370822141512537,1.500854078376399,0.0,-3,25.190098073692937,0.9984899229211281,1.22512939453125,258.81308985874057,0.48601686943711125,64.70327246468514,25.373832339092214
base_seed1,base,631437,csp3.bn2,128x80x80,-0.36112137390136717,1.624447977388404,-32.03068161010742,26.49103355407715,32.03068161010742,58.52171516418457,4.293598358013674,2.554055196289687,0.0,1,21.22777922424083,0.9962519891610279,1.484569091796875,12.324949426809326,0.3847857369017128,49.2997977072373,19.333254002838157
base_seed1,base,631437,csp3.relu2,128x80x80,0.43884432678222657,0.987597353285875,0.0,26.49103355407715,26.49103355407715,26.49103355407715,18.480930035362114,3.0451721043835547,0.0,2,28.11812087919423,0.999229657954462,2.455292724609375,11.483112811343744,0.4334716796875,91.86490249074996,36.02545195715685
base_seed1,base,631437,csp3.conv3,128x80x80,-15.70405921875,14.076890869577456,-231.93215942382812,55.885746002197266,231.93215942382812,287.8179054260254,3.4940455955644927,1.6365966692061233,0.0,-1,31.249020308227742,0.9996251743392225,1.35115966796875,119.88976435502991,0.516917380724015,119.88976435502991,47.01559386471761
base_seed1,base,631437,csp3.bn3,128x80x80,-1.45069796875,1.313371449217956,-30.106595993041992,9.777838706970215,30.106595993041992,39.88443470001221,4.273790888466396,2.628842006713693,0.0,2,28.65889236921204,0.9993197571446178,1.4840478515625,11.61038414912764,0.385642539987282,92.88307319302112,36.42473458549848
base_seed1,base,631437,csp3.relu3,128x80x80,0.00010865047961473464,0.01709934645505789,0.0,11.057292938232422,11.057292938232422,11.057292938232422,66925.30700364937,3.871213439050588,4.6875,3,34.14713435931754,0.9998076683374624,0.00817626953125,0.001349767204374075,0.0001220703125,0.0215962752699852,0.00846912755685694
base_seed1,base,631437,down3,256x40x40,0.02110722873687744,1.1957997480286084,-205.90811157226562,166.87344360351562,205.90811157226562,372.78155517578125,2584.699145814364,1.8113174186297492,0.0,-1,8.247737740981755,0.923513853402176,0.16276123046875,52.97302458435297,0.25726536064977473,52.97302458435297,20.773735131118812
base_seed1,base,631437,bn_down3,256x40x40,-0.15271396926879882,5.024815672753844,-347.4121398925781,196.01524353027344,347.4121398925781,543.4273834228516,4.64771284169084,810.7615458863647,0.0,-2,14.549410234850823,0.9824569854974419,0.03276708984375,35.68028433434665,0.10270304412902556,17.840142167173326,6.996134183205226
base_seed1,base,631437,PRE-HEAD,256x40x40,-0.15271396926879882,5.024815672753844,-347.4121398925781,196.01524353027344,347.4121398925781,543.4273834228516,4.64771284169084,810.7615458863647,0.0,-2,14.549410234850823,0.9824569854974419,0.03276708984375,35.68028433434665,0.10270304412902556,17.840142167173326,6.996134183205226
base_seed1,base,631437,head,15x40x40,20.978161052083333,182.63607074600438,-2389.95654296875,2482.004638671875,2482.004638671875,4871.961181640625,7.270723319264169,26.948903618356287,0.0,-5,28.22266341784379,0.9994387471562093,6.681441666666666,1143.2858130037785,0.46063000656419106,71.45536331273615,28.021711103033784
base_seed1,base,631437,bn_head,15x40x40,-5.227916125,10.510039263642089,-38.13453674316406,46.54383087158203,46.54383087158203,84.6783676147461,0.4054247997084772,439562.8910891089,0.0,1,42.459040241713204,0.9999983291005482,0.0006416666666666667,27.76681180205196,0.5965734079487937,111.06724720820785,43.555783218905034
plus_seed2,Plus(csp4),1354637,conv1,16x320x320,-0.12848146438598632,1.3823685970514232,-9.852396965026855,9.345279693603516,9.852396965026855,19.19767665863037,6.108077158621205,1.3051779459195596,0.0,3,31.73600729424202,0.9996648959114416,1.8750970458984375,7.675316689652391,0.7790303940145259,122.80506703443825,48.15884981742676
plus_seed2,Plus(csp4),1354637,bn1,16x320x320,0.2766166194152832,1.1630954293594546,-15.501822471618652,21.333999633789062,21.333999633789062,36.835822105407715,7.690337109991987,3.721550370746779,0.0,2,24.305816104655953,0.9981500551067422,1.0601141357421875,12.066588823334314,0.565603685687849,96.53271058667451,37.85596493595079
plus_seed2,Plus(csp4),1354637,relu1,16x320x320,0.5629289410400391,0.8391529191508678,0.0,21.333999633789062,21.333999633789062,21.333999633789062,20.370022949695038,4.157807058580377,0.0,2,25.319675730654538,0.9985337993955538,1.1868953857421876,12.018604530021548,0.5633544921875,96.14883624017239,37.70542597653819
plus_seed2,Plus(csp4),1354637,csp1.conv1,32x320x320,-0.02359229995727539,3.4283308286351573,-53.95966720581055,49.47365951538086,53.95966720581055,103.4333267211914,4.398753203765416,1.7073941034440145,0.0,1,27.505454106170077,0.9991136664199489,1.0472175903320313,29.42708006966859,0.5453532535222861,117.70832027867436,46.160125599480146
plus_seed2,Plus(csp4),1354637,csp1.bn1,32x320x320,0.362853337097168,1.3388783018350237,-29.042980194091797,21.462562561035156,29.042980194091797,50.50554275512695,12.093583953195683,2.247168216922411,0.0,2,25.711654220091322,0.9986613655693544,1.6438480834960938,14.363573785405606,0.4945626684801301,114.90859028324485,45.06219226793915
plus_seed2,Plus(csp4),1354637,csp1.relu1,32x320x320,0.665443662109375,0.9136352767038721,0.0,21.462562561035156,21.462562561035156,21.462562561035156,17.705720909421252,2.2808013862491108,0.0,2,25.80486579981177,0.9986889522629937,1.7218304443359376,11.844756511040032,0.5518798828125,94.75805208832026,37.16002042679226
plus_seed2,Plus(csp4),1354637,csp1.conv2,32x320x320,-16.737000205078125,29.797972011702655,-591.90283203125,363.7961730957031,591.90283203125,955.6990051269531,8.305902299003414,1.5460208265303315,0.0,-3,23.385007156050655,0.9977162043849683,1.6055150756835936,307.59637750312686,0.5196737722094343,76.89909437578171,30.15650759834577
plus_seed2,Plus(csp4),1354637,csp1.bn2,32x320x320,0.15089772178649902,1.3990217440948762,-31.703445434570312,22.713537216186523,31.703445434570312,54.416982650756836,9.383187690683847,2.0216288178651673,0.0,2,25.823011743515668,0.9986937467071741,1.6936010131835937,13.721661738818511,0.43281294984601365,109.77329391054809,43.04835055315611
plus_seed2,Plus(csp4),1354637,csp1.relu2,32x320x320,0.5609313586425781,0.8383274051848536,0.0,22.713537216186523,22.713537216186523,22.713537216186523,14.900417522258351,2.0244630111665254,6.25,2,25.35876590922038,0.9985465172555803,1.7720283813476563,10.233845930779353,0.4505615234375,81.87076744623482,32.10618331224895
plus_seed2,Plus(csp4),1354637,csp1.conv3,32x320x320,-1.2819967211914063,5.216543780725845,-77.62358093261719,72.68649291992188,77.62358093261719,150.31007385253906,3.3705211331837415,1.4583261715760825,0.0,0,25.388896488517638,0.9985575392974984,1.2970516357421875,38.5965390522033,0.4972269842292879,77.1930781044066,30.27179533506141
plus_seed2,Plus(csp4),1354637,csp1.bn3,32x320x320,-0.19106377807617186,1.2742381843981732,-22.659738540649414,24.24695587158203,24.24695587158203,46.906694412231445,7.640727446743453,1.9219048423571934,0.0,2,25.01828606705822,0.9984298405879,1.6744329223632812,12.125194144202396,0.5000707803660167,97.00155315361917,38.039824766125165
plus_seed2,Plus(csp4),1354637,csp1.shortcut_conv.0,32x320x320,-0.7883794836425781,3.06071802695915,-36.9431037902832,41.27867126464844,41.27867126464844,78.22177505493164,4.134274707408108,1.3555055285282152,0.0,1,26.796151500980862,0.9989559513811667,1.21526171875,24.10029526380822,0.5838437751374039,96.40118105523288,37.804384727542306
plus_seed2,Plus(csp4),1354637,csp1.shortcut_conv.1,32x320x320,-0.19518073638916017,1.3140779103830365,-26.71234703063965,29.509511947631836,29.509511947631836,56.221858978271484,14.927199725430622,1.7545158531089189,0.0,2,25.339555817244307,0.9985405733721011,1.7058641357421875,15.158937347587198,0.5136966471857802,121.27149878069758,47.557450502234346
plus_seed2,Plus(csp4),1354637,csp1.relu3,32x320x320,0.5330893395996094,1.1425334373309672,0.0,41.587059020996094,41.587059020996094,41.587059020996094,41.25655351695343,2.7771374078640783,0.0,1,22.87442327145107,0.9974273049507146,2.000179016113281,18.666457033716142,0.4488525390625,74.66582813486457,29.280716915633164
plus_seed2,Plus(csp4),1354637,down1,64x160x160,-5.496696870117187,29.78166014543252,-459.1849365234375,483.01318359375,483.01318359375,942.1981201171875,8.222332134729152,1.4017580685161717,0.0,-2,28.38736197505559,0.999275763508343,1.90490087890625,270.90633268654346,0.5608673673685807,135.45316634327173,53.11888876206734
plus_seed2,Plus(csp4),1354637,bn_down1,64x160x160,-0.2829015298461914,1.4917224691108388,-32.40628433227539,35.55060958862305,35.55060958862305,67.95689392089844,10.23925718046051,1.950969526854323,0.0,1,20.456456939024385,0.9955269591272539,1.913132080078125,14.986017299816012,0.42154037506608205,59.94406919926405,23.50747811735845
plus_seed2,Plus(csp4),1354637,csp2.conv1,64x160x160,0.06133876216888428,16.985388529372994,-248.9423065185547,293.3110046386719,293.3110046386719,542.2533111572266,10.25103071010948,1.3844865850893668,0.0,-2,23.36390045264619,0.997703390246408,1.988579833984375,164.96271724440157,0.5624157110900704,82.48135862220079,32.3456308322356
plus_seed2,Plus(csp4),1354637,csp2.bn1,64x160x160,-0.12157697700500489,1.3139015180228368,-25.806821823120117,31.928409576416016,31.928409576416016,57.73523139953613,9.882762525901766,2.189286191355514,0.0,1,19.145658837541475,0.9939705375559557,1.86868603515625,12.821938345441595,0.40158399730979855,51.28775338176638,20.112844463437796
plus_seed2,Plus(csp4),1354637,csp2.relu1,64x160x160,0.38172419311523437,0.8127834776722807,0.0,31.928409576416016,31.928409576416016,31.928409576416016,32.261472900363565,2.6873237062493907,0.0,1,19.787314069689184,0.9947946783424229,2.0602174072265624,11.63407013984397,0.3643798828125,46.53628055937588,18.249521787990542
plus_seed2,Plus(csp4),1354637,csp2.conv2,64x160x160,1.4870661450195313,43.004510394612524,-697.1327514648438,776.6595458984375,776.6595458984375,1473.7922973632812,6.981528442928813,1.2884914758735897,0.0,-3,25.419384503395527,0.9985675387206836,1.89459912109375,366.28509096056223,0.4716160290502123,91.57127274014056,35.91030303534924
plus_seed2,Plus(csp4),1354637,csp2.bn2,64x160x160,-0.06436140125274659,1.448510185665949,-37.038509368896484,25.422048568725586,37.038509368896484,62.46055793762207,10.013627941970443,1.7532104615433763,0.0,1,20.054027792240138,0.995097076382275,1.8304718017578125,14.538374301278964,0.3925205022826251,58.153497205115855,22.805293021614062
plus_seed2,Plus(csp4),1354637,csp2.relu2,64x160x160,0.4562968365478516,0.8238091650754334,0.0,25.422048568725586,25.422048568725586,25.422048568725586,24.96597348438184,1.8217920830865044,0.0,2,25.49391846985177,0.998592156744333,1.88883642578125,11.398337938589975,0.4483642578125,91.1867035087198,35.75949157204698
plus_seed2,Plus(csp4),1354637,csp2.conv3,64x160x160,-4.238971311035156,8.616885764073695,-171.94537353515625,132.52708435058594,171.94537353515625,304.4724578857422,5.846013351088487,1.380472702559843,0.0,-1,24.438500750853372,0.998205961907855,1.460198974609375,78.02424303255975,0.45377343646066043,78.02424303255975,30.597742365709706
plus_seed2,Plus(csp4),1354637,csp2.bn3,64x160x160,-0.2765278561401367,1.2143632077332212,-30.93500328063965,23.412864685058594,30.93500328063965,54.34786796569824,12.185961925508803,1.9068439552280583,0.0,2,24.706884949593665,0.9983124450826627,1.86158642578125,13.015863708453253,0.4207487418176256,104.12690966762602,40.83408222259844
plus_seed2,Plus(csp4),1354637,csp2.relu3,64x160x160,0.44192793701171873,0.9494126583073302,0.0,32.283321380615234,32.283321380615234,32.283321380615234,26.331478383642022,2.0979199481995012,0.0,1,21.468070614841942,0.9964545106175083,2.1909586181640623,13.197856848593801,0.4088134765625,52.791427394375205,20.702520546813805
plus_seed2,Plus(csp4),1354637,down2,128x80x80,-3.8551208154296877,26.057108526243674,-337.9960021972656,299.0335693359375,337.9960021972656,637.0295715332031,2.9460242243699355,1.4908854087012333,0.0,-2,27.176766760646423,0.9990435507870069,1.297379638671875,180.83819408342242,0.5350305710949779,90.41909704171121,35.458469428122044
plus_seed2,Plus(csp4),1354637,bn_down2,128x80x80,-0.4183809765625,1.5788780057015515,-25.77880859375,22.755237579345703,25.77880859375,48.5340461730957,3.972231347925889,1.6353316766963988,0.0,2,27.096822588237643,0.9990258905317049,1.480937744140625,12.039739614818245,0.46704018810773307,96.31791691854596,37.771732124919986
plus_seed2,Plus(csp4),1354637,csp3.conv1,128x80x80,-1.007691319580078,26.68967862450657,-314.81512451171875,307.8304138183594,314.81512451171875,622.6455383300781,4.056097617614344,1.3248019442212136,0.0,-2,27.271377471264188,0.9990641402107414,1.55166748046875,194.65668254718184,0.6183206186459314,97.32834127359092,38.16797697003565
plus_seed2,Plus(csp4),1354637,csp3.bn1,128x80x80,-0.03507805082321167,1.3685352991674131,-27.340471267700195,26.103870391845703,27.340471267700195,53.4443416595459,5.924146384906642,2.574990844347229,0.0,2,25.594220340289567,0.9986238660332815,1.693393310546875,11.418419576948509,0.41763799406187024,91.34735661558807,35.82249279042669
plus_seed2,Plus(csp4),1354637,csp3.relu1,128x80x80,0.4566443804931641,0.8404155918588165,0.0,26.103870391845703,26.103870391845703,26.103870391845703,19.33566781024965,3.1579310970219665,0.78125,2,25.677180415354925,0.998649754032634,2.13749365234375,10.448558473493904,0.4002685546875,83.58846778795123,32.77979128939264
plus_seed2,Plus(csp4),1354637,csp3.conv2,128x80x80,-15.445363671875,66.12925919019148,-686.1130981445312,640.2333984375,686.1130981445312,1326.3464965820312,1.9704485292948437,1.3466811519064104,0.0,-3,29.367479032385887,0.9994221066478314,1.149604248046875,396.78433967381716,0.5783074842133878,99.19608491845429,38.90042545821737
plus_seed2,Plus(csp4),1354637,csp3.bn2,128x80x80,-0.3025190742492676,1.3474782800054552,-19.529296875,17.452829360961914,19.529296875,36.982126235961914,3.136611252860561,1.9592794481675828,0.0,2,25.639768574765025,0.9986381007095222,1.36994873046875,9.466655349126086,0.4847412279980554,75.73324279300869,29.699310899219093
plus_seed2,Plus(csp4),1354637,csp3.relu2,128x80x80,0.3591678500366211,0.709801579214256,0.0,17.452829360961914,17.452829360961914,17.452829360961914,14.160685425165966,2.3315076631075007,1.5625,2,24.95346071418296,0.998405545276843,2.25566455078125,7.889139053178951,0.4520263671875,63.11311242543161,24.750240166835926
plus_seed2,Plus(csp4),1354637,csp3.conv3,128x80x80,-2.5220322778320314,10.806757278530567,-150.76222229003906,120.93285369873047,150.76222229003906,271.69507598876953,3.1297668262388054,1.4266899360907717,0.0,-1,25.677272697234315,0.9986498852826734,1.271083251953125,79.5550289126113,0.5276854354107484,79.5550289126113,31.198050553965217
plus_seed2,Plus(csp4),1354637,csp3.bn3,128x80x80,-0.41597517150878904,1.1169213968262197,-18.472461700439453,16.095338821411133,18.472461700439453,34.567800521850586,4.132291764572563,2.368595842972419,0.0,2,24.371476860662135,0.9981775184509503,1.42812451171875,8.889517976669595,0.4812308246094843,71.11614381335676,27.888683848375198
plus_seed2,Plus(csp4),1354637,csp3.relu3,128x80x80,0.40155757904052736,0.9213319769710206,0.0,23.642742156982422,23.642742156982422,23.642742156982422,18.12706124316409,1.9506926154589908,0.0,2,27.94502442471654,0.9991984829375621,2.521679931640625,10.814130232203752,0.4573974609375,86.51304185763001,33.92668308142353
plus_seed2,Plus(csp4),1354637,down3,256x40x40,-7.24555326171875,58.12323629953512,-807.7369995117188,497.01513671875,807.7369995117188,1304.7521362304688,3.0392439807888607,2.046016313548644,0.0,-3,28.08666158545176,0.9992241133612552,1.2624453125,413.5400345250964,0.5119736186098737,103.3850086312741,40.54314063971533
plus_seed2,Plus(csp4),1354637,bn_down3,256x40x40,-1.4631245849609376,1.051702553199488,-20.888120651245117,15.065869331359863,20.888120651245117,35.95398998260498,9.35639588376194,3.8223085733670454,0.0,2,27.900894110317157,0.9991891099609181,1.59914111328125,8.559658998274244,0.4097859803277234,68.47727198619395,26.85383215144861
plus_seed2,Plus(csp4),1354637,csp4.conv1,256x40x40,-17.940452041015625,62.49688238675605,-377.2329406738281,376.4276123046875,377.2329406738281,753.6605529785156,-0.0838898969195907,1.3579473113523437,0.0,-2,35.013856792010586,0.9998424284853158,0.27548193359375,263.6134603358805,0.6988081684091636,131.80673016794026,51.68891379134912
plus_seed2,Plus(csp4),1354637,csp4.bn1,256x40x40,-0.39259719482421873,1.2842055065090578,-16.949003219604492,19.326465606689453,19.326465606689453,36.275468826293945,2.390331132983099,2.3032691735844684,0.0,2,25.399737599977815,0.9985609651296558,1.21544482421875,8.407086793100461,0.4350038420988121,67.25669434480369,26.37517425286419
plus_seed2,Plus(csp4),1354637,csp4.relu1,256x40x40,0.3059672494506836,0.6305277567089176,0.0,19.326465606689453,19.326465606689453,19.326465606689453,15.032422180222873,2.4799031987819573,1.5625,2,24.17496192078682,0.9980933961170586,2.36216650390625,7.061048774514347,0.3653564453125,56.48839019611478,22.152309880829325
plus_seed2,Plus(csp4),1354637,csp4.conv2,256x40x40,-7.978873525390625,104.19198878640248,-1647.9156494140625,1402.378173828125,1647.9156494140625,3050.2938232421875,1.9026497710896342,1.728696583091561,0.0,-4,27.092224731469816,0.9990248037063636,1.07460693359375,641.6664696186781,0.3893806517626256,80.20830870233476,31.454238706797945
plus_seed2,Plus(csp4),1354637,csp4.bn2,256x40x40,-0.30707982391357425,1.6285357362805597,-43.141075134277344,44.786476135253906,44.786476135253906,87.92755126953125,7.312766750907516,5.173155696239289,0.0,1,21.222255895457522,0.9962492310223862,1.70582763671875,14.837247900664806,0.33128857594995265,59.348991602659225,23.27411435398401
plus_seed2,Plus(csp4),1354637,csp4.relu2,256x40x40,0.45805501525878906,1.0733757521669756,0.0,44.786476135253906,44.786476135253906,44.786476135253906,24.03952446796154,6.14230288893564,8.203125,1,23.084547935440796,0.997551376943958,2.43543701171875,13.312386400066316,0.2972412109375,53.249545600265265,20.882174745202065
plus_seed2,Plus(csp4),1354637,csp4.conv3,256x40x40,-21.2718990625,30.963748263490512,-766.670654296875,201.63636779785156,766.670654296875,968.3070220947266,5.920813337431044,2.7732913107755595,0.0,-3,24.221048932917085,0.9981136782945396,1.40837158203125,309.34889300726354,0.4034964574077405,77.33722325181589,30.328322843849367
plus_seed2,Plus(csp4),1354637,csp4.bn3,256x40x40,-1.5695879724121093,1.3322330284062285,-42.72589874267578,8.85012435913086,42.72589874267578,51.57602310180664,12.156643169564443,3.5267945832901755,0.0,1,23.080358538386598,0.9975455392083152,2.0177890625,16.02498150942847,0.3750648197230849,64.09992603771389,25.1372258971427
plus_seed2,Plus(csp4),1354637,csp4.relu3,256x40x40,0.06902771492004395,0.7863810118750106,0.0,11.702449798583984,11.702449798583984,11.702449798583984,136.03715411654974,4.5953612006824,51.5625,3,51.158009108884386,0.9999963083126819,0.78484521484375,10.263928442727774,0.8770751953125,164.2228550836444,64.40111964064486
plus_seed2,Plus(csp4),1354637,PRE-HEAD,256x40x40,0.06902771492004395,0.7863810118750106,0.0,11.702449798583984,11.702449798583984,11.702449798583984,136.03715411654974,4.5953612006824,51.5625,3,51.158009108884386,0.9999963083126819,0.78484521484375,10.263928442727774,0.8770751953125,164.2228550836444,64.40111964064486
plus_seed2,Plus(csp4),1354637,head,15x40x40,-3.7750161276041667,10.529048777216065,-53.08769226074219,65.48902130126953,65.48902130126953,118.57671356201172,2.447755231716558,24.38321611180319,0.0,0,31.364824414272864,0.9996365411189897,0.00795,32.83759188558906,0.5014213257902588,65.67518377117813,25.75497402791299
plus_seed2,Plus(csp4),1354637,bn_head,15x40x40,-5.0546523697916665,10.232775621529063,-27.754806518554688,25.762020111083984,27.754806518554688,53.51682662963867,0.6073379270478863,529650477.48553395,0.0,2,53.86258802917487,0.9999984459161031,8.333333333333334e-06,27.748273702804,0.999764623985171,221.986189622432,87.05340769507137
base_seed2,base,631437,conv1,16x320x320,-0.13637810821533203,1.09281226469918,-9.249874114990234,9.57772159576416,9.57772159576416,18.827595710754395,2.053836116561075,1.1600615679799875,0.0,3,29.745966232920757,0.9994705417668549,1.1511629638671874,6.344026873470284,0.662373280538452,101.50442997552454,39.805658813931196
base_seed2,base,631437,bn1,16x320x320,0.26167077224731444,1.24678323057432,-17.82406997680664,19.878063201904297,19.878063201904297,37.70213317871094,7.2335458429531485,2.2007326506498006,0.0,2,24.94394718681264,0.9984012961950839,1.2824744873046876,12.270442822948098,0.6172856328262707,98.16354258358479,38.49550689552345
base_seed2,base,631437,relu1,16x320x320,0.5908408044433594,0.891540883720294,0.0,19.878063201904297,19.878063201904297,19.878063201904297,19.619846029275674,2.3163518840836113,0.0,2,26.100520296564703,0.9987737479067406,1.3779212646484376,12.101062156725675,0.6087646484375,96.8084972538054,37.964116570119764
base_seed2,base,631437,csp1.conv1,32x320x320,-0.8714221783447266,3.200988305387815,-42.046939849853516,34.097469329833984,42.046939849853516,76.1444091796875,3.878386379000137,1.3435947962639294,0.0,1,27.228142677744632,0.9990547644346769,1.2637224731445313,25.139386102557182,0.5978886024126382,100.55754441022873,39.43433114126617
base_seed2,base,631437,csp1.bn1,32x320x320,0.10588471138000488,1.3808652016020906,-22.352516174316406,28.017911911010742,28.017911911010742,50.37042808532715,8.365872372052838,1.7316880933371563,0.0,2,25.65383714063248,0.998642245410095,1.7249042358398436,12.434608398238197,0.443809247374767,99.47686718590558,39.01053615133552
base_seed2,base,631437,csp1.relu1,32x320x320,0.5335617568969726,0.8313270925921982,0.0,28.017911911010742,28.017911911010742,28.017911911010742,22.136908884686235,2.6025424718267427,0.0,2,25.28968122690881,0.9985240578983672,1.659013427734375,11.276251900708303,0.4024658203125,90.21001520566642,35.37647655124174
base_seed2,base,631437,csp1.conv2,32x320x320,-11.776829326171875,22.98782016682352,-369.0606994628906,248.1587371826172,369.0606994628906,617.2194366455078,5.622357127002601,1.1911610038815708,0.0,-2,26.976660894324624,0.9989986260261403,1.8190614624023438,190.7210502270609,0.5167742068029059,95.36052511353046,37.396284358247236
base_seed2,base,631437,csp1.bn2,32x320x320,-0.11056618255615235,1.339368090089341,-33.469810485839844,29.565223693847656,33.469810485839844,63.0350341796875,9.915565900224992,2.2832782581360562,0.0,1,19.414687064725936,0.9943328114217779,1.9536278686523438,12.963418141007423,0.3873167476252036,51.853672564029694,20.334773554521448
base_seed2,base,631437,csp1.relu2,32x320x320,0.38625670654296873,0.6737232278842074,0.0,29.565223693847656,29.565223693847656,29.565223693847656,26.209064142090565,2.593137058908258,0.0,2,23.62636289510089,0.9978387943805104,1.8944756469726562,9.430411317385733,0.3189697265625,75.44329053908587,29.58560413297485
base_seed2,base,631437,csp1.conv3,32x320x320,-0.5918928338623047,3.438518982803127,-52.836212158203125,62.71781921386719,62.71781921386719,115.55403137207031,4.9824674379200165,1.4232784129989553,0.0,1,27.6657523238064,0.9991447048240392,1.5735123291015625,27.318970611318946,0.43558546763498757,109.27588244527578,42.853287233441485
base_seed2,base,631437,csp1.bn3,32x320x320,-0.3466325146484375,1.5490615437709578,-33.009735107421875,53.26618576049805,53.26618576049805,86.27592086791992,10.240803842699295,2.2344837665753685,0.0,1,20.82625743654535,0.9958932054654703,1.8506231689453125,15.348026209045202,0.28813826238760326,61.392104836180806,24.075335229874828
base_seed2,base,631437,csp1.shortcut_conv.0,32x320x320,-0.4913407263183594,3.5763604865454277,-55.703346252441406,41.12525939941406,55.703346252441406,96.82860565185547,3.6140535139255494,1.5323262858405398,0.0,1,27.956493863040592,0.9992010369733472,1.0848680419921874,29.07311571855098,0.5219276340562169,116.29246287420392,45.6048874016486
base_seed2,base,631437,csp1.shortcut_conv.1,32x320x320,-0.3491717401123047,1.0524195768703621,-20.520483016967773,17.389753341674805,20.520483016967773,37.91023635864258,11.800697617670975,1.720806735516827,0.0,2,23.73080271056336,0.9978890730040619,1.71677734375,10.92723106732592,0.532503599369007,87.41784853860736,34.281509230826416
base_seed2,base,631437,csp1.relu3,32x320x320,0.40225310272216797,1.0001650263332516,0.0,59.68679428100586,59.68679428100586,59.68679428100586,45.38515206711738,2.9780800928833817,0.0,1,22.39181334218134,0.9971306551708368,2.1400183715820313,15.497291435021907,0.2596435546875,61.98916574008763,24.30947676081868
base_seed2,base,631437,down1,64x160x160,-2.0768550317382815,20.328941647061793,-415.7513122558594,353.7122497558594,415.7513122558594,769.4635620117188,7.981674656429112,1.282809561576239,0.0,-2,24.958195737200843,0.9984074122666844,1.959099853515625,183.04387912899256,0.440272522859398,91.52193956449628,35.890956691959325
base_seed2,base,631437,bn_down1,64x160x160,-0.3028117207336426,1.3728766313444916,-30.116119384765625,30.038206100463867,30.116119384765625,60.15432548522949,8.182483516254967,1.4970170051387666,0.0,2,25.807300552095548,0.9986901661179588,1.8678807373046875,12.730620020302013,0.4227178096106849,101.8449601624161,39.93920006369259
base_seed2,base,631437,csp2.conv1,64x160x160,-0.6099072576904296,13.344113490815587,-254.23606872558594,260.44287109375,260.44287109375,514.6789398193359,8.226781576113558,1.4305219233260462,0.0,-2,21.265401425820265,0.9962835338199625,1.989805419921875,118.59253465943038,0.455349513547412,59.29626732971519,23.25343816851576
base_seed2,base,631437,csp2.bn1,64x160x160,-0.12943386840820312,1.461312927590015,-37.82233428955078,24.98805046081543,37.82233428955078,62.81038475036621,8.667851167783246,1.9512026333536656,0.0,1,20.14501292577807,0.9952059442259387,1.761110595703125,13.938746826490387,0.3685321672581499,55.75498730596155,21.864700904298648
base_seed2,base,631437,csp2.relu1,64x160x160,0.4352337542724609,0.7905207913143699,0.0,24.98805046081543,24.98805046081543,24.98805046081543,21.034946438310723,1.9119768261596388,1.5625,2,25.466453882480806,0.998583496140426,1.7409190673828125,10.563185882056132,0.4227294921875,84.50548705644906,33.139406688803554
base_seed2,base,631437,csp2.conv2,64x160x160,-10.7685391015625,30.33606970247002,-354.1548767089844,359.42364501953125,359.42364501953125,713.5785217285156,1.5002531434290418,1.2880009661407525,0.0,-2,28.87910014345512,0.9993535214973025,0.8726912841796876,181.63876185938716,0.5053611924989432,90.81938092969358,35.615443501840616
base_seed2,base,631437,csp2.bn2,64x160x160,-0.4252871463012695,1.3832002010974125,-24.468074798583984,17.34432601928711,24.468074798583984,41.812400817871094,4.044286394585164,1.5789599813837385,0.0,2,26.06837820286225,0.9987659808074816,1.3967056884765625,10.988271263428032,0.44908605821590614,87.90617010742426,34.473007885264416
base_seed2,base,631437,csp2.relu2,64x160x160,0.3276220782470703,0.6778472958737043,0.0,17.34432601928711,17.34432601928711,17.34432601928711,15.0091508796561,1.5231209515973854,0.0,2,24.934652779198508,0.9983988278796407,2.2292501220703125,7.662245588842779,0.4417724609375,61.297964710742235,24.038417533624408
base_seed2,base,631437,csp2.conv3,64x160x160,-1.5763785229492187,5.303773226664621,-93.24259948730469,92.98095703125,93.24259948730469,186.2235565185547,4.09692121890995,1.4293035830905467,0.0,0,25.661631122971606,0.998645017977082,1.4797708740234374,40.935421319678426,0.4390205929989321,81.87084263935685,32.10621279974779
base_seed2,base,631437,csp2.bn3,64x160x160,-0.28997536590576173,1.4206886895437392,-38.10019302368164,32.43953323364258,38.10019302368164,70.53972625732422,6.177273564636275,2.00937987354785,0.0,1,20.072570045014857,0.9951167149407191,1.6056339111328124,12.758589706383646,0.3348694243741334,51.03435882553458,20.01347404922925
base_seed2,base,631437,csp2.relu3,64x160x160,0.4671655545043945,0.9979030526055351,0.0,35.54820251464844,35.54820251464844,35.54820251464844,16.701245020938245,2.192788216556575,0.0,1,22.255750155175566,0.9970398591413979,2.33864599609375,11.659914569929242,0.3280029296875,46.63965827971697,18.290062070477244
base_seed2,base,631437,down2,128x80x80,-18.6974587109375,28.876624504134607,-360.0777282714844,255.51950073242188,360.0777282714844,615.5972290039062,3.6563223465781336,1.4606804272354763,0.0,-2,29.474066981144258,0.9994360960062293,1.48791943359375,219.62958117574453,0.609950474387998,109.81479058787227,43.06462375994991
base_seed2,base,631437,bn_down2,128x80x80,-1.3841520263671876,0.828571534348432,-15.75618839263916,9.609686851501465,15.75618839263916,25.365875244140625,5.232482563445139,2.593695251563272,0.0,3,32.99048297958254,0.9997489695835463,1.508956298828125,8.1235123090446,0.515575982376529,129.9761969447136,50.97105762537788
base_seed2,base,631437,csp3.conv1,128x80x80,-12.176899169921874,21.586767873643243,-202.7796173095703,175.57774353027344,202.7796173095703,378.35736083984375,1.39336037428723,1.468585774997182,0.0,-1,32.638687269081466,0.9997277732472856,1.000679931640625,120.15250322967768,0.5925275174291741,120.15250322967768,47.11862871752066
base_seed2,base,631437,csp3.bn1,128x80x80,-0.49371336700439455,1.3513929493221104,-21.700048446655273,16.210250854492188,21.700048446655273,37.91029930114746,2.5234559272156165,1.831786796161215,0.0,2,26.00250026167499,0.9987469132686853,1.28478271484375,8.793331558117643,0.405221747764024,70.34665246494114,27.586922535271036
base_seed2,base,631437,csp3.relu1,128x80x80,0.2910892932128906,0.6510552788631768,0.0,16.210250854492188,16.210250854492188,16.210250854492188,19.761800576057507,1.9907793254881236,0.0,2,24.572512192874484,0.9982591743797208,2.4067158203125,7.750921947881579,0.4781494140625,62.007375583052635,24.316617875706914
base_seed2,base,631437,csp3.conv2,128x80x80,-6.96873328125,40.91089040774838,-474.1729431152344,384.87750244140625,474.1729431152344,859.0504455566406,2.041794830229005,1.4844752802851373,0.0,-2,31.106428221137396,0.9996126857484411,1.167286376953125,241.73738303408027,0.5098084708205984,120.86869151704013,47.399486869427506
base_seed2,base,631437,csp3.bn2,128x80x80,-0.4468022006225586,1.5842657169421466,-27.423471450805664,21.505205154418945,27.423471450805664,48.92867660522461,5.556400158433178,2.3135309247717717,0.0,2,27.164102121293734,0.9990407262779661,1.585766357421875,12.516233195085078,0.4564058644996007,100.12986556068063,39.26661394536495
base_seed2,base,631437,csp3.relu2,128x80x80,0.3930004602050781,0.9818033899816083,0.0,21.505205154418945,21.505205154418945,21.505205154418945,25.62077602778264,2.6088972929521796,0.0,2,28.490749850263736,0.9992929569085416,2.34924169921875,12.424821288557723,0.5777587890625,99.39857030846179,38.979831493514425
base_seed2,base,631437,csp3.conv3,128x80x80,-14.6152375,14.143691018651877,-215.764892578125,110.34583282470703,215.764892578125,326.11072540283203,3.5685651052760416,1.730432078699158,0.0,-1,30.933488285505504,0.999596947925054,1.55900732421875,113.33778119366616,0.5252837004177052,113.33778119366616,44.44618870339849
base_seed2,base,631437,csp3.bn3,128x80x80,-1.3715914880371094,1.4026617128746548,-25.925918579101562,7.893573760986328,25.925918579101562,33.81949234008789,4.302074649939356,2.3519807200531218,0.0,2,28.703685719142868,0.9993267572818927,1.459029541015625,12.793618147727102,0.49346826839299796,102.34894518181682,40.1368412477713
base_seed2,base,631437,csp3.relu3,128x80x80,0.00010507014200091361,0.01609697062291541,0.0,8.409536361694336,8.409536361694336,8.409536361694336,57279.61789130619,3.03108793863878,0.0,3,33.27197337240331,0.9997646965054219,0.008850830078125,0.0010265547316521406,0.0001220703125,0.01642487570643425,0.006441127728013431
base_seed2,base,631437,down3,256x40x40,0.035616947536468505,1.144054824557419,-154.1811065673828,225.08518981933594,225.08518981933594,379.26629638671875,1874.9740494353046,2.3074497906099163,0.0,-1,7.398766315477183,0.9117657799854633,0.1746083984375,46.60965605825186,0.20707562365903764,46.60965605825186,18.2782964934321
base_seed2,base,631437,bn_down3,256x40x40,-0.20390056365966797,4.074182210356595,-245.74449157714844,239.03329467773438,245.74449157714844,484.7777862548828,8.698004510555172,173.25318621319641,0.0,-1,17.144217891088978,0.990533016206193,0.81664208984375,36.23379840143025,0.14744500749086006,36.23379840143025,14.209332706443234
base_seed2,base,631437,PRE-HEAD,256x40x40,-0.20390056365966797,4.074182210356595,-245.74449157714844,239.03329467773438,245.74449157714844,484.7777862548828,8.698004510555172,173.25318621319641,0.0,-1,17.144217891088978,0.990533016206193,0.81664208984375,36.23379840143025,0.14744500749086006,36.23379840143025,14.209332706443234
base_seed2,base,631437,head,15x40x40,-35.79591766666667,148.50320246513616,-1917.1876220703125,2018.0284423828125,2018.0284423828125,3935.216064453125,3.041444111996733,28.76284860957226,0.0,-4,33.5898206935886,0.9998150881581268,0.018016666666666667,886.7498984634876,0.4394139744712649,110.84373730793595,43.46813227762194
base_seed2,base,631437,bn_head,15x40x40,-5.3983809088541665,10.812526631007767,-49.207176208496094,55.324554443359375,55.324554443359375,104.53173065185547,0.28694747174556756,179723.89912155693,0.0,1,42.594897390594284,0.9999930796772188,0.002625,28.54085050802678,0.515880349967329,114.16340203210711,44.769961581218475
base_seed3,base,631437,conv1,16x320x320,0.07268971122741699,1.0800714465538712,-8.728886604309082,9.569707870483398,9.569707870483398,18.29859447479248,2.5217202982194706,1.2751911086522312,0.0,3,29.583462445318883,0.9994516293094832,1.454062255859375,6.6046235006069764,0.6901593643185426,105.67397600971162,41.44077490576927
base_seed3,base,631437,bn1,16x320x320,0.24768671173095702,1.1888584176702874,-17.71779441833496,19.669166564941406,19.669166564941406,37.38696098327637,7.472864693279556,2.4438051153310822,0.0,2,24.566549649278944,0.9982549020391742,1.345680908203125,10.92028909851797,0.5551983640213024,87.36231278814375,34.259730505154415
base_seed3,base,631437,relu1,16x320x320,0.5503673645019531,0.8368958174743246,0.0,19.669166564941406,19.669166564941406,19.669166564941406,19.912412378198276,2.4676778730840967,0.0,2,25.172199502661886,0.9984809940237175,1.40993505859375,10.893433679826558,0.5538330078125,87.14746943861246,34.17547821122057
base_seed3,base,631437,csp1.conv1,32x320x320,-0.5165868493652344,3.065266305581493,-47.36928176879883,45.03206253051758,47.36928176879883,92.4013442993164,4.879088158329087,1.4774884160694999,0.0,1,26.686775878878247,0.9989285851938448,1.324420166015625,25.272817720659077,0.533527568435833,101.09127088263631,39.643635640249535
base_seed3,base,631437,csp1.bn1,32x320x320,0.062499231300354,1.4276301781892635,-31.046281814575195,24.38066291809082,31.046281814575195,55.426944732666016,11.779114155382395,1.6341977953741158,0.0,2,25.938873068462733,0.9987295803723436,1.8461854248046874,14.671475211624056,0.472567868166947,117.37180169299245,46.028157526663705
base_seed3,base,631437,csp1.relu1,32x320x320,0.49934328552246093,0.86291235804768,0.0,24.38066291809082,24.38066291809082,24.38066291809082,28.829473392250563,2.2840219727301925,0.0,2,25.499795871573674,0.9985938959516637,1.7713712158203125,12.60996933397837,0.5172119140625,100.87975467182696,39.56068810659881
base_seed3,base,631437,csp1.conv2,32x320x320,-11.0402588671875,23.530485845929487,-467.7249755859375,329.98895263671875,467.7249755859375,797.7139282226562,9.022853025675332,1.4242524108974586,0.0,-2,26.98993273337844,0.9990015446767283,2.050630126953125,224.33470311015844,0.4796295148214515,112.16735155507922,43.98719668826636
base_seed3,base,631437,csp1.bn2,32x320x320,-0.16646818115234374,1.4484297915402227,-27.61035919189453,23.305261611938477,27.61035919189453,50.91562080383301,9.684475803894037,1.6690192151542835,0.0,2,26.097800957450946,0.9987740482660366,1.9478172607421875,14.01752927270718,0.5076909422033978,112.14023418165743,43.976562424179384
base_seed3,base,631437,csp1.relu2,32x320x320,0.39910983978271486,0.6969852935929888,0.0,23.305261611938477,23.305261611938477,23.305261611938477,19.115130209389473,2.010427059083789,0.0,2,24.05018684787731,0.998040453366196,1.9176771850585939,8.935769863659516,0.3834228515625,71.48615890927613,28.033787807559264
base_seed3,base,631437,csp1.conv3,32x320x320,-1.3447121044921875,3.212159381349008,-56.94599914550781,47.61519241333008,56.94599914550781,104.56119155883789,5.001098019293627,1.3390127067431232,0.0,1,27.65814793076359,0.9991436177280505,1.5911482543945312,26.172435565385967,0.4596009545553927,104.68974226154387,41.054800886879946
base_seed3,base,631437,csp1.bn3,32x320x320,-0.37706152557373046,1.6683121906299994,-33.922969818115234,32.22407913208008,33.922969818115234,66.14704895019531,6.798349745096241,1.5546665858083986,0.0,1,21.523622633737943,0.9964963020531921,1.7655210571289062,14.681219616904855,0.4327810830131071,58.72487846761942,23.02936410494879
base_seed3,base,631437,csp1.shortcut_conv.0,32x320x320,-1.4763902233886719,2.914322300597329,-41.558040618896484,39.45058822631836,41.558040618896484,81.00862884521484,5.70018133363692,1.368209141158233,0.0,1,27.129810270352166,0.9990323829718605,1.5440653686523438,25.073496638797224,0.6033368336282023,100.2939865551889,39.330975119681916
base_seed3,base,631437,csp1.shortcut_conv.1,32x320x320,-0.356502341003418,1.1395409978757023,-22.229400634765625,16.504981994628906,22.229400634765625,38.73438262939453,12.130063507192228,1.8771461910318386,0.0,2,24.428414801385856,0.9982009665418947,2.049582824707031,12.351943931542337,0.5556579835186622,98.8155514523387,38.75119664797596
base_seed3,base,631437,csp1.relu3,32x320x320,0.4245240155029297,0.9868784476034909,0.0,36.49083709716797,36.49083709716797,36.49083709716797,28.72834131038492,2.01127601704922,0.0,1,22.11796052235641,0.9969449159133118,2.211131103515625,13.626156088896096,0.3734130859375,54.50462435558438,21.374362492386034
base_seed3,base,631437,down1,64x160x160,-3.1048249853515624,17.65281916926689,-313.70123291015625,251.18411254882812,313.70123291015625,564.8853454589844,4.740528438892982,1.3211307315654972,0.0,-2,23.780373872589998,0.9979130730657148,1.703663818359375,133.47668033465743,0.42548981748147935,66.73834016732872,26.171898104834792
base_seed3,base,631437,bn_down1,64x160x160,-0.3177434686279297,1.4197501073925534,-30.411033630371094,21.741064071655273,30.411033630371094,52.15209770202637,5.6353020640020155,1.4492522382433757,0.0,2,26.09272865569927,0.9987729743666491,1.78958056640625,11.42059082700871,0.3755410278328428,91.36472661606967,35.82930455532144
base_seed3,base,631437,csp2.conv1,64x160x160,-0.48782969177246094,13.041774443277463,-207.4583282470703,213.05503845214844,213.05503845214844,420.51336669921875,6.174966753282433,1.4556348325676418,0.0,-1,27.06462453230836,0.9990184938881114,1.8676015625,104.4874395057559,0.4904246351781232,104.4874395057559,40.975466472845454
base_seed3,base,631437,csp2.bn1,64x160x160,-0.15003941024780273,1.4762581536811206,-26.739084243774414,24.328319549560547,26.739084243774414,51.06740379333496,5.603138022351114,1.7544303914311423,0.0,2,26.18973061859986,0.998799744886541,1.6494141845703125,12.120790555374697,0.45329864122765334,96.96632444299757,38.02600958548925
base_seed3,base,631437,csp2.relu1,64x160x160,0.4452687777709961,0.8383379205071735,0.0,24.328319549560547,24.328319549560547,24.328319549560547,19.142615731775575,2.094330058987484,1.5625,2,26.131488992233262,0.998783915259727,1.8911895751953125,10.69412581762299,0.4395751953125,85.55300654098392,33.5501986435231
base_seed3,base,631437,csp2.conv2,64x160x160,-9.65065947265625,34.29395353765486,-373.3808288574219,354.1328430175781,373.3808288574219,727.513671875,1.44759922712739,1.3597104870627634,0.0,-2,29.793866465326584,0.9994760759965149,0.8931177978515625,207.75424218177795,0.5564137902246459,103.87712109088898,40.73612591799568
base_seed3,base,631437,csp2.bn2,64x160x160,-0.40044318115234373,1.4401815197877395,-26.405500411987305,20.06170654296875,26.405500411987305,46.467206954956055,4.3573600500806045,1.7873919795713782,0.0,2,26.32701063717551,0.9988367569662576,1.4406607666015625,11.583868115441874,0.4386914822558388,92.67094492353499,36.34154702883725
base_seed3,base,631437,csp2.relu2,64x160x160,0.3498327847290039,0.7119779980458713,0.0,20.06170654296875,20.06170654296875,20.06170654296875,15.605827138655723,2.0257241891676525,0.0,2,25.21891992987005,0.9984991520656801,2.195452880859375,8.284759916365147,0.4129638671875,66.27807933092117,25.991403659184773
base_seed3,base,631437,csp2.conv3,64x160x160,-2.026504440917969,5.5480668917484,-90.03650665283203,73.46680450439453,90.03650665283203,163.50331115722656,2.609383557430471,1.4282442154854398,0.0,0,26.251422878065412,0.998816858864604,1.165501220703125,39.64028342626989,0.4402690075384331,79.28056685253978,31.09041837354501
base_seed3,base,631437,csp2.bn3,64x160x160,-0.29986813537597656,1.4233472815706272,-32.748905181884766,19.173460006713867,32.748905181884766,51.92236518859863,4.838464145144662,2.0593585081158556,0.0,1,20.052636353468113,0.9950960375564448,1.428419677734375,12.029396905330941,0.3673221085871618,48.117587621323764,18.86964220444069
base_seed3,base,631437,csp2.relu3,64x160x160,0.47423230590820314,0.9963692256645363,0.0,24.757720947265625,24.757720947265625,24.757720947265625,16.609449994090625,1.677204203109776,0.0,2,28.22263444978852,0.9992478478189696,2.2783966064453125,11.880200322717428,0.4798583984375,95.04160258173943,37.27121669872135
base_seed3,base,631437,down2,128x80x80,-15.540778994140625,27.500207887946548,-337.4732360839844,213.63327026367188,337.4732360839844,551.1065063476562,2.314006962237727,1.6419559990030548,0.0,-2,28.75299076585392,0.9993342814150633,1.1205234375,196.1311010941863,0.5811752759124776,98.06555054709315,38.457078645918884
base_seed3,base,631437,bn_down2,128x80x80,-1.4712553637695311,0.8386490868115538,-17.292186737060547,7.80096960067749,17.292186737060547,25.093156337738037,4.080727959215508,2.5998345533695293,0.0,2,27.413940493920187,0.9990941552769446,1.3250654296875,8.056851488247048,0.46592438601068514,64.45481190597638,25.276396825873093
base_seed3,base,631437,csp3.conv1,128x80x80,-8.298712915039063,23.257475549890703,-170.55523681640625,151.1634979248047,170.55523681640625,321.71873474121094,0.01279116975345751,1.490627319334432,0.0,-1,32.622423140457684,0.9997267647641839,0.374004150390625,109.32971100322902,0.6410223048203246,109.32971100322902,42.87439647185452
base_seed3,base,631437,csp3.bn1,128x80x80,-0.5716440313720703,1.383294804953851,-19.708330154418945,18.765857696533203,19.708330154418945,38.47418785095215,2.5515267424986314,1.9455412911321037,0.0,2,26.339871954126536,0.9988404985314971,1.23882470703125,9.352423878619447,0.4745416686924373,74.81939102895558,29.340937658413953
base_seed3,base,631437,csp3.relu1,128x80x80,0.2727718759155273,0.6356156497426769,0.0,18.765857696533203,18.765857696533203,18.765857696533203,20.742030969914165,2.4360524453586887,0.0,2,24.578579863097545,0.9982618453399437,2.447500732421875,7.657991000916809,0.4080810546875,61.26392800733447,24.02506980679783
base_seed3,base,631437,csp3.conv2,128x80x80,-7.810291196289063,39.46194659325829,-597.9404907226562,422.0857238769531,597.9404907226562,1020.0262145996094,3.7928088705709655,1.7992479538872685,0.0,-3,24.827647077696007,0.9983588233163029,1.336588623046875,310.93360294774175,0.5200076057267087,77.73340073693544,30.483686563504094
base_seed3,base,631437,csp3.bn2,128x80x80,-0.5024335531616211,1.5849576837032733,-45.71276092529297,24.54322624206543,45.71276092529297,70.2559871673584,4.250770517142261,3.074277491106624,0.0,1,21.248581134208653,0.9962702141793116,1.489347412109375,11.70824565202929,0.2561264166730978,46.83298260811716,18.365875532594966
base_seed3,base,631437,csp3.relu2,128x80x80,0.37769341735839845,0.9196262791347093,0.0,24.54322624206543,24.54322624206543,24.54322624206543,18.28309868755704,2.67113339133924,0.0,2,27.89310243047691,0.9991886309473942,2.673111572265625,10.147449619369581,0.4134521484375,81.17959695495665,31.835136060767315
base_seed3,base,631437,csp3.conv3,128x80x80,-14.184339248046875,11.873422859850356,-241.8744659423828,58.904685974121094,241.8744659423828,300.7791519165039,4.067767777118919,1.9730339409220075,0.0,-1,30.10919730437829,0.9995127892850172,1.29840283203125,110.68746523465961,0.4576236057138276,110.68746523465961,43.40684911163122
base_seed3,base,631437,csp3.bn3,128x80x80,-1.4981248413085937,1.322832789418357,-38.384490966796875,14.919112205505371,38.384490966796875,53.303603172302246,3.4660969312984546,3.507751234992412,0.0,1,22.821275072568437,0.9973992792832129,1.201703125,11.583033268223517,0.3017633678727954,46.33213307289407,18.169463950154537
base_seed3,base,631437,csp3.relu3,128x80x80,0.00019256034687161445,0.0252663653346456,0.0,13.982221603393555,13.982221603393555,13.982221603393555,60704.96294758217,4.364314680029422,0.0,3,33.80467621192039,0.9997918793721732,0.016353515625,0.387446814449504,0.0277099609375,6.199149031192064,2.4310388357615937
base_seed3,base,631437,down3,256x40x40,-0.06816736228942871,1.4267733159110616,-206.80691528320312,198.22364807128906,206.80691528320312,405.0305633544922,1891.3532189879297,1.8074414845330566,0.0,-1,9.474339282633014,0.9432539344758277,0.21644140625,58.43085075356066,0.2825381862765322,58.43085075356066,22.914059119043397
base_seed3,base,631437,bn_down3,256x40x40,0.4244751419067383,4.476688913398021,-246.1659698486328,225.56295776367188,246.1659698486328,471.7289276123047,4.757316400835186,74.04116938089093,0.0,-1,18.243364317113453,0.9925568763957484,0.0421416015625,34.65957933105528,0.14079760639688507,34.65957933105528,13.591991894531484
base_seed3,base,631437,PRE-HEAD,256x40x40,0.4244751419067383,4.476688913398021,-246.1659698486328,225.56295776367188,246.1659698486328,471.7289276123047,4.757316400835186,74.04116938089093,0.0,-1,18.243364317113453,0.9925568763957484,0.0421416015625,34.65957933105528,0.14079760639688507,34.65957933105528,13.591991894531484
base_seed3,base,631437,head,15x40x40,-26.2114669375,167.2503662048338,-1768.60986328125,1984.5888671875,1984.5888671875,3753.19873046875,4.638189891921994,32.981592075237316,0.0,-4,34.12356121849237,0.9998166454529465,6.677475,844.5129590630531,0.4255354713643394,105.56411988288164,41.39769407171829
base_seed3,base,631437,bn_head,15x40x40,-5.041947541666667,10.213273221829919,-46.128597259521484,51.76347351074219,51.76347351074219,97.89207077026367,0.6231020801283504,130578.5539121125,0.0,1,41.263584808303705,0.9999997186247085,0.0006166666666666666,27.73798484308645,0.5358601917881368,110.9519393723458,43.510564459743456
basewide_seed0,Base-Wide,1414845,conv1,24x320x320,-0.04619464421590169,1.326684471901208,-10.00722885131836,9.785622596740723,10.00722885131836,19.792851448059082,3.3720746776686754,1.1895803229878061,0.0,3,31.31237398856721,0.9996308427197307,1.8346502278645833,6.700237916666083,0.6695397913063005,107.20380666665733,42.040708496728364
basewide_seed0,Base-Wide,1414845,bn1,24x320x320,0.21580409790039062,1.2878062006392574,-21.452472686767578,21.46604347229004,21.46604347229004,42.91851615905762,6.321700265773703,2.6616616932759922,0.0,2,25.17850762443652,0.9984848273770466,1.3584239095052084,11.15030149021186,0.5194390621916655,89.20241192169487,34.98133800850779
basewide_seed0,Base-Wide,1414845,relu1,24x320x320,0.5824140209960937,0.8603039190394343,0.0,21.46604347229004,21.46604347229004,21.46604347229004,17.324534148041195,2.200361891690568,8.333333333333332,2,25.574483520839003,0.9986181259457011,1.594410888671875,10.83521603490226,0.5047607421875,86.68172827921808,33.992834619301206
basewide_seed0,Base-Wide,1414845,csp1.conv1,48x320x320,-1.5201767228190104,4.058330492980263,-65.74992370605469,56.093318939208984,65.74992370605469,121.84324264526367,6.867265791411269,1.368361116556883,0.0,0,23.48814186586396,0.9977703888933154,1.500898193359375,37.29702781001106,0.5672558340410135,74.59405562002212,29.252570831381224
basewide_seed0,Base-Wide,1414845,csp1.bn1,48x320x320,-0.022220593716303506,1.3560477648159341,-28.24666404724121,27.36435890197754,28.24666404724121,55.61102294921875,11.06421434669412,2.131462957359353,0.0,2,25.441313977211358,0.9985760215391051,1.7032455647786457,14.07935256510973,0.4984430211497782,112.63482052087784,44.17051785132464
basewide_seed0,Base-Wide,1414845,csp1.relu1,48x320x320,0.44710746175130206,0.7794548311638676,0.0,27.36435890197754,27.36435890197754,27.36435890197754,44.6862261576143,3.0530170738901035,0.0,2,24.530653351152218,0.9982447114946852,1.5716105143229167,13.144378940341994,0.4803466796875,105.15503152273595,41.23726726381802
basewide_seed0,Base-Wide,1414845,csp1.conv2,48x320x320,-15.230510286458333,29.73062206010418,-581.9974365234375,338.5020446777344,581.9974365234375,920.4994812011719,8.214296092339882,1.4482465201876036,0.0,-3,23.24744030564164,0.9976415368348153,1.7607161051432292,292.65586375817657,0.5028473415731121,73.16396593954414,28.69175134884084
basewide_seed0,Base-Wide,1414845,csp1.bn2,48x320x320,-0.060074126501083375,1.4577244778632175,-31.931684494018555,29.201974868774414,31.931684494018555,61.13365936279297,10.018531758999293,2.2942857106044108,0.0,1,20.10772674099155,0.9951569602120373,1.8690386962890626,14.312474318780005,0.448221712871459,57.24989727512002,22.450940107890204
basewide_seed0,Base-Wide,1414845,csp1.relu2,48x320x320,0.4573412255859375,0.7575413144248585,0.0,29.201974868774414,29.201974868774414,29.201974868774414,24.757722372216353,2.724208951134061,0.0,2,24.60200879345265,0.99827060753588,1.7675221761067708,10.833105667261407,0.3709716796875,86.66484533809125,33.986213858075004
basewide_seed0,Base-Wide,1414845,csp1.conv3,48x320x320,-1.6835970540364584,5.268793625882472,-91.83336639404297,65.41786193847656,91.83336639404297,157.25122833251953,2.9765882930879535,1.322988981110199,0.0,0,25.65047621926705,0.998641236766465,1.1462786458333334,39.563457367010415,0.43081789245588203,79.12691473402083,31.030162640792483
basewide_seed0,Base-Wide,1414845,csp1.bn3,48x320x320,-0.3932649548339844,1.4866487091050795,-25.302492141723633,28.447477340698242,28.447477340698242,53.749969482421875,5.540238079322814,1.644810056878169,0.0,2,26.575112442276087,0.9989019485185675,1.6298761800130208,12.483893875032663,0.43884010260455125,99.8711510002613,39.16515725500443
basewide_seed0,Base-Wide,1414845,csp1.shortcut_conv.0,48x320x320,-1.4927950236002605,4.3291308394186885,-61.20203399658203,53.01850128173828,61.20203399658203,114.22053527832031,5.364018649068262,1.5220101669016401,0.0,1,30.077261166072343,0.9995089985868886,1.3732249348958334,37.4293273743242,0.6115699908995594,149.7173094972968,58.712670391096786
basewide_seed0,Base-Wide,1414845,csp1.shortcut_conv.1,48x320x320,-0.40482155802408853,1.283673476604489,-26.87554359436035,30.338716506958008,30.338716506958008,57.21426010131836,15.006176946634675,1.8317846049239712,0.0,2,25.44667696299186,0.998576998394671,1.8292073567708333,14.925641368608922,0.49196680305133583,119.40513094887137,46.82554154857701
basewide_seed0,Base-Wide,1414845,csp1.relu3,48x320x320,0.4021072277832031,0.9783619564656523,0.0,43.72577667236328,43.72577667236328,43.72577667236328,32.6592924884441,2.540927397656706,0.0,1,22.398826288315714,0.9971318197861719,2.2272271728515625,14.085977128706872,0.3221435546875,56.34390851482749,22.095650397971564
basewide_seed0,Base-Wide,1414845,down1,96x160x160,-5.594892799479167,25.53461919588782,-468.0790100097656,430.77374267578125,468.0790100097656,898.8527526855469,5.774827174758226,1.3080509605359418,0.0,-2,27.10785459209378,0.9990282806565679,1.8110765787760417,207.48632353171706,0.44327200984164666,103.74316176585853,40.68359284935629
basewide_seed0,Base-Wide,1414845,bn_down1,96x160x160,-0.5108601005045573,1.323326301297099,-28.713260650634766,24.49677085876465,28.713260650634766,53.210031509399414,6.504764931626051,1.9173106514393934,0.0,2,25.913399468623417,0.9987209590521915,1.7492862141927084,11.63694560690783,0.4052812304565128,93.09556485526264,36.5080646491226
basewide_seed0,Base-Wide,1414845,csp2.conv1,96x160x160,-2.9211307942708333,16.96439183405728,-252.346923828125,266.46466064453125,266.46466064453125,518.8115844726562,5.420677495969887,1.26899099334724,0.0,-2,23.461395574718686,0.9977543378766596,1.8265751139322917,131.32044214755297,0.4928249841082561,65.66022107377648,25.74910630344176
basewide_seed0,Base-Wide,1414845,csp2.bn1,96x160x160,-0.3346655440266927,1.4726422525888858,-29.00965690612793,29.088281631469727,29.088281631469727,58.097938537597656,6.31220480619956,1.9645284707477806,0.0,2,26.414938508565324,0.9988603373571183,1.7239290364583333,12.719255927018821,0.43726391569511774,101.75404741615057,39.90354800633356
basewide_seed0,Base-Wide,1414845,csp2.relu1,96x160x160,0.35569108479817707,0.7423324050305073,0.0,29.088281631469727,29.088281631469727,29.088281631469727,27.918505564280863,2.6676295969974766,0.0,2,25.25131538996543,0.9985107740424566,1.997908203125,10.357729189330712,0.3560791015625,82.8618335146457,32.494836672410074
basewide_seed0,Base-Wide,1414845,csp2.conv2,96x160x160,-13.625318294270834,33.15216498279524,-409.7413635253906,389.2095947265625,409.7413635253906,798.9509582519531,2.712726884916239,1.2881358491556214,0.0,-2,29.834972148166692,0.999481116133889,1.3373187662760417,220.1932360045612,0.5373956734805378,110.0966180022806,43.17514431461984
basewide_seed0,Base-Wide,1414845,csp2.bn2,96x160x160,-0.45102094482421873,1.4345600285432225,-24.94680404663086,19.170583724975586,24.94680404663086,44.117387771606445,3.8296251597495,1.5655834604807781,0.0,2,26.38353604176676,0.9988523913394828,1.5691153157552082,10.397729149786755,0.41679604050086727,83.18183319829404,32.620326744429036
basewide_seed0,Base-Wide,1414845,csp2.relu2,96x160x160,0.320623544921875,0.6928873002985678,0.0,19.170583724975586,19.170583724975586,19.170583724975586,19.15831039589021,1.7453695660195925,0.0,2,25.08082829102861,0.9984519708519694,2.278638020833333,8.291183854686096,0.4324951171875,66.32947083748877,26.011557191172066
basewide_seed0,Base-Wide,1414845,csp2.conv3,96x160x160,-1.3519972477213542,6.67131605226714,-93.16725158691406,95.34208679199219,95.34208679199219,188.50933837890625,3.101507711903161,1.4087232522897386,0.0,0,27.44653525703102,0.9991012262990375,1.3429447428385417,46.33906511217356,0.48602948258591705,92.67813022434711,36.344364793861615
basewide_seed0,Base-Wide,1414845,csp2.bn3,96x160x160,-0.47335328531901044,1.4601512486401207,-24.199411392211914,27.867170333862305,27.867170333862305,52.06658172607422,5.4846579480054505,1.757788621626149,0.0,2,26.538674661557394,0.998892433972241,1.66359326171875,11.862834838218987,0.4256921207319019,94.9026787057519,37.216736747353686
basewide_seed0,Base-Wide,1414845,csp2.relu3,96x160x160,0.35607077311197916,0.9674621363299196,0.0,32.056312561035156,32.056312561035156,32.056312561035156,32.40114524693716,1.9606236015744027,0.0,1,22.915706199523854,0.9974546513749962,2.3963527018229165,13.629411212168634,0.4251708984375,54.517644848674536,21.37946856810766
basewide_seed0,Base-Wide,1414845,down2,192x80x80,-14.755006171875,40.56949117914344,-920.86083984375,840.0162963867188,920.86083984375,1760.8771362304688,16.190997481511197,2.227359545504339,0.0,-3,25.436895154556964,0.9985732042126975,1.9564137369791668,489.4545395001769,0.5315184643786424,122.36363487504423,47.98573916668401
basewide_seed0,Base-Wide,1414845,bn_down2,192x80x80,-1.1555390649414063,0.8311276911074436,-16.942121505737305,9.212998390197754,16.942121505737305,26.15511989593506,8.031065950780494,2.2157124943938697,0.0,2,25.89104752760932,0.9987142146937105,1.79767041015625,8.720755083370022,0.514738079314141,69.76604066696018,27.35923163410203
basewide_seed0,Base-Wide,1414845,csp3.conv1,192x80x80,-11.7357905859375,32.376712222259705,-479.3221435546875,373.7283020019531,479.3221435546875,853.0504455566406,3.7480804914079835,1.906663844652483,0.0,-2,29.48563796617298,0.9994376085432272,1.3643597005208334,244.91685166582465,0.5109650262545846,122.45842583291233,48.02291209133816
basewide_seed0,Base-Wide,1414845,csp3.bn1,192x80x80,-0.4083782491048177,1.3370960431864864,-20.85415267944336,21.554269790649414,21.554269790649414,42.40842247009277,5.997572047547829,2.251310708128617,0.0,2,25.746155315587487,0.9986711989663782,1.7203592122395834,11.302939366782084,0.5243944460454643,90.42351493425667,35.460201935002615
basewide_seed0,Base-Wide,1414845,csp3.relu1,192x80x80,0.28108677368164064,0.630426816225066,0.0,21.554269790649414,21.554269790649414,21.554269790649414,36.52047616766869,3.0654649644812912,0.0,2,24.00790316325751,0.9980190634951072,1.9554085286458334,9.506295990431681,0.4410400390625,76.05036792345345,29.823673695471943
basewide_seed0,Base-Wide,1414845,csp3.conv2,192x80x80,-13.886716002604167,67.52257298116201,-1023.0125732421875,854.7794189453125,1023.0125732421875,1877.7919921875,4.269579445414677,1.8569136667406483,0.0,-4,23.482091694767504,0.9977647473043464,1.2645997721354167,557.46136033535,0.5449213185802917,69.68267004191875,27.326537271340687
basewide_seed0,Base-Wide,1414845,csp3.bn2,192x80x80,-0.27904548400878904,1.510672446810432,-33.17510223388672,27.185386657714844,33.17510223388672,60.36048889160156,7.120286272990571,2.906884917692422,0.0,1,20.549128856646593,0.9956220853890162,1.7273455403645834,13.406157935038209,0.40410298785287496,53.624631740152836,21.029267349079543
basewide_seed0,Base-Wide,1414845,csp3.relu2,192x80x80,0.41180412434895836,0.9876083310429746,0.0,27.185386657714844,27.185386657714844,27.185386657714844,25.60217357033413,3.142526986473195,0.5208333333333333,2,28.139772603731338,0.999233583710255,2.3941389973958334,12.879209670238197,0.4737548828125,103.03367736190557,40.40536367133552
basewide_seed0,Base-Wide,1414845,csp3.conv3,192x80x80,-19.595680559895833,22.119288812282985,-332.76031494140625,150.24525451660156,332.76031494140625,483.0055694580078,5.909906976180274,1.7840107555896458,0.0,-2,28.178380401438943,0.9992402369015737,1.7518250325520834,201.337046591565,0.6050512562683962,100.6685232957825,39.477852272855884
basewide_seed0,Base-Wide,1414845,csp3.bn3,192x80x80,-1.2180623779296875,1.324317352713781,-24.226638793945312,9.935157775878906,24.226638793945312,34.16179656982422,5.130394943704703,2.532552638436823,0.0,2,27.953520199539955,0.9992000127690217,1.6474060872395833,11.76208679843694,0.4855022150813799,94.09669438749552,36.900664465684514
basewide_seed0,Base-Wide,1414845,csp3.relu3,192x80x80,8.676222503185272e-05,0.015017904522922329,0.0,9.674193382263184,9.674193382263184,9.674193382263184,88181.82781767056,4.065335096399214,5.729166666666666,3,33.21723091816466,0.9997616816167343,0.007767578125,0.0011809318093582988,0.0001220703125,0.01889490894973278,0.007409768215581483
basewide_seed0,Base-Wide,1414845,down3,384x40x40,0.04463660222371419,1.1594555454859266,-220.02874755859375,146.58424377441406,220.02874755859375,366.6129913330078,1483.4775352582155,2.133264690827723,0.0,-1,7.402162839873206,0.910682980325867,0.18366666666666667,47.81533851660788,0.2173140512190328,47.81533851660788,18.751113143767796
basewide_seed0,Base-Wide,1414845,bn_down3,384x40x40,0.02999391291300456,2.7181739309385633,-231.41241455078125,202.0536651611328,231.41241455078125,433.46607971191406,40.860358162841216,1292.8785177350778,0.0,-1,15.550761875382053,0.9859872138583464,1.3392815755208334,31.24125005491078,0.1350024808113965,31.24125005491078,12.251470609768933
basewide_seed0,Base-Wide,1414845,PRE-HEAD,384x40x40,0.02999391291300456,2.7181739309385633,-231.41241455078125,202.0536651611328,231.41241455078125,433.46607971191406,40.860358162841216,1292.8785177350778,0.0,-1,15.550761875382053,0.9859872138583464,1.3392815755208334,31.24125005491078,0.1350024808113965,31.24125005491078,12.251470609768933
basewide_seed0,Base-Wide,1414845,head,15x40x40,37.397454625,133.0006033002773,-3420.728515625,3279.156494140625,3420.728515625,6699.885009765625,10.544677715078393,39.373354791959564,0.0,-5,30.730108912279064,0.9997516810350406,6.67915,1551.0245330035686,0.45341935962438734,96.93903331272304,38.01530718146002
basewide_seed0,Base-Wide,1414845,bn_head,15x40x40,-5.1820615,10.434600456823974,-33.29006576538086,54.318878173828125,54.318878173828125,87.60894393920898,0.45187074085108714,820220.0,0.0,1,40.92524688881613,0.9999677115124207,0.0017166666666666667,27.761034513358027,0.5110752549881236,111.0441380534321,43.54672080526749
base_seed4,base,631437,conv1,16x320x320,0.1956046942138672,1.3141380175379636,-8.965813636779785,9.718302726745605,9.718302726745605,18.68411636352539,2.4867954811827104,1.2128217043299294,0.0,3,31.325938953529587,0.9996317101730198,2.3764547119140627,6.705564696807414,0.6899933954879923,107.28903514891863,42.07413143094848
base_seed4,base,631437,bn1,16x320x320,0.3921189944458008,1.315511027707116,-20.177213668823242,25.413040161132812,25.413040161132812,45.590253829956055,9.748799264904719,3.3551120721885135,0.0,2,25.528435448157374,0.998602041145894,1.2396304931640625,13.84295499115251,0.5447185737471972,110.74363992922008,43.42887840361572
base_seed4,base,631437,relu1,16x320x320,0.678299564819336,0.9980545128987003,0.0,25.413040161132812,25.413040161132812,25.413040161132812,20.576015692110214,3.8442204809966998,0.0,2,26.838305724276164,0.9989649768430937,1.30714453125,13.584436384961009,0.5345458984375,108.67549107968807,42.61783963909336
base_seed4,base,631437,csp1.conv1,32x320x320,-0.9288480755615235,3.138314711918051,-44.20883560180664,49.025516510009766,49.025516510009766,93.2343521118164,5.173868114073109,1.2848631032239513,0.0,1,27.117555982652558,0.9990300603321928,1.4250672607421875,25.964857765473425,0.5296192598026389,103.8594310618937,40.72918865172302
base_seed4,base,631437,csp1.bn1,32x320x320,0.152624677734375,1.341125012281402,-23.767009735107422,26.910436630249023,26.910436630249023,50.677446365356445,9.880717408921159,1.9075766750108163,0.0,2,25.404584077910187,0.9985623521386349,1.7794344482421875,12.86071848240681,0.4779082056197689,102.88574785925448,40.34735210166842
base_seed4,base,631437,csp1.relu1,32x320x320,0.5359682858276367,0.814364603106043,0.0,26.910436630249023,26.910436630249023,26.910436630249023,26.95299000889051,2.9160869657776507,0.0,2,24.854793740311084,0.9983695580233779,1.6241113891601562,11.894859745865688,0.4420166015625,95.1588779669255,37.31720704585314
base_seed4,base,631437,csp1.conv2,32x320x320,-6.19608873046875,23.351393281647205,-460.7895812988281,349.6540222167969,460.7895812988281,810.443603515625,7.484829045506869,1.4103524321176117,0.0,-2,26.392585586942246,0.9988550108057078,1.8071959838867186,212.76930370926857,0.4617493805079869,106.38465185463428,41.719471315542854
base_seed4,base,631437,csp1.bn2,32x320x320,-0.15418667419433593,1.4160630060241621,-30.834016799926758,29.3293399810791,30.834016799926758,60.16335678100586,8.889460396061573,1.836713398495783,0.0,2,25.8901923942687,0.9987143810667807,1.8432476806640625,13.523832237813622,0.43860105303716856,108.19065790250897,42.42770898137607
base_seed4,base,631437,csp1.relu2,32x320x320,0.40203691650390627,0.7282623852043836,0.0,29.3293399810791,29.3293399810791,29.3293399810791,24.80475898526814,2.324240562575183,0.0,2,24.51884919711635,0.9982375751127521,1.967892822265625,10.028256993042305,0.3419189453125,80.22605594433844,31.461198409544487
base_seed4,base,631437,csp1.conv3,32x320x320,-1.1842135864257812,3.8085740593190964,-66.03248596191406,82.641845703125,82.641845703125,148.67433166503906,5.28602210697473,1.3186595342051153,0.0,0,22.81608064250144,0.9973968438650865,1.5809947509765625,31.67695497535169,0.3833040598965454,63.35390995070338,24.844670568903286
base_seed4,base,631437,csp1.bn3,32x320x320,-0.29537508544921875,1.6747800008011102,-38.95049285888672,42.298919677734375,42.298919677734375,81.2494125366211,8.379055824210289,1.454468015182836,0.0,1,21.427369632811164,0.9964188041060342,1.7824043579101563,16.025763695128262,0.3788693379694996,64.10305478051305,25.138452855103157
base_seed4,base,631437,csp1.shortcut_conv.0,32x320x320,-1.4682415893554688,3.422192087839047,-52.361812591552734,37.665531158447266,52.361812591552734,90.02734375,4.429486016154417,1.4043193438050772,0.0,1,28.243978804136542,0.9992518088183425,1.2643441162109375,28.50324773788452,0.5443518153243382,114.01299095153809,44.710976843740426
base_seed4,base,631437,csp1.shortcut_conv.1,32x320x320,-0.30231388671875,1.0886053096489245,-16.28911590576172,12.688033103942871,16.28911590576172,28.97714900970459,6.164691263620581,1.2892716536371853,0.0,2,23.742872047101212,0.997898763316296,1.9837943725585938,9.140171720064245,0.5611214121713765,73.12137376051396,28.675048533534888
base_seed4,base,631437,csp1.relu3,32x320x320,0.4699046441650391,1.0068642817732103,0.0,47.938873291015625,47.938873291015625,47.938873291015625,28.196480268198986,2.2798843810563088,0.0,1,22.0258728553543,0.9968770265946757,2.0250826416015624,14.108962830156088,0.2943115234375,56.43585132062435,22.131706400244845
base_seed4,base,631437,down1,64x160x160,-6.175436665039062,17.92639167703839,-382.9324645996094,403.5729675292969,403.5729675292969,786.5054321289062,6.017564393344667,1.437670674547392,0.0,-2,24.301312400493998,0.9981481015496969,1.7024373779296875,153.37503195554018,0.3800428777341389,76.68751597777009,30.073535677556897
base_seed4,base,631437,bn_down1,64x160x160,-0.38145718078613283,1.3605085815161326,-30.701297760009766,24.90972900390625,30.701297760009766,55.611026763916016,6.574101021662393,1.4496718740995447,0.0,2,25.83551194037467,0.9986983753825404,1.72555078125,11.964144526515156,0.389695074782772,95.71315621212125,37.53457106357696
base_seed4,base,631437,csp2.conv1,64x160x160,-1.2905067651367188,12.329234817919009,-271.7971496582031,261.49420166015625,271.7971496582031,533.2913513183594,5.955609899842063,1.4528189615321505,0.0,-2,20.600820524327837,0.9956748570033903,1.7351187744140626,102.3443435691297,0.3765467875503191,51.17217178456485,20.06751834688818
base_seed4,base,631437,csp2.bn1,64x160x160,-0.2955212728881836,1.4334254472136898,-33.14374542236328,26.81304931640625,33.14374542236328,59.95679473876953,5.910696299397218,1.9610174352873784,0.0,1,20.110749039228992,0.9951588700999364,1.5922398681640626,12.372771481983364,0.3733063757373362,49.491085927933455,19.408268991346453
base_seed4,base,631437,csp2.relu1,64x160x160,0.3686341403198242,0.7371008894979519,0.0,26.81304931640625,26.81304931640625,26.81304931640625,24.775396559540066,2.27573847824996,0.0,2,25.124817689965383,0.9984669039059811,1.872839599609375,10.18908966332674,0.3800048828125,81.51271730661392,31.965771492789774
base_seed4,base,631437,csp2.conv2,64x160x160,-7.32454248046875,25.60111033874915,-349.1531677246094,336.9299621582031,349.1531677246094,686.0831298828125,2.465290150295675,1.314024158177999,0.0,-2,27.23519551144689,0.9990559957827203,1.2166500244140626,169.51294840872288,0.4854973807438697,84.75647420436144,33.23783302131821
base_seed4,base,631437,csp2.bn2,64x160x160,-0.3250838836669922,1.4803052197202973,-29.236783981323242,18.197864532470703,29.236783981323242,47.434648513793945,4.222653605072627,1.4758953809823818,0.0,2,26.43061471499824,0.9988648362302864,1.42743359375,11.697776370448992,0.40010475768886383,93.58221096359193,36.69890626023213
base_seed4,base,631437,csp2.relu2,64x160x160,0.39011329284667967,0.7385880637898479,0.0,18.197864532470703,18.197864532470703,18.197864532470703,14.351203409461803,1.5999289659940628,0.0,2,25.225859509085304,0.9985028444055968,2.0303472900390624,8.616884340997785,0.4735107421875,68.93507472798228,27.033362638424425
base_seed4,base,631437,csp2.conv3,64x160x160,-2.1643568798828126,6.004557014554461,-97.56134796142578,81.6695785522461,97.56134796142578,179.23092651367188,2.2431460019117546,1.42506424712161,0.0,0,26.873130264427054,0.9989744742837016,1.0613699951171875,41.354774449020624,0.4238848203017003,82.70954889804125,32.43511721491814
base_seed4,base,631437,csp2.bn3,64x160x160,-0.3837169024658203,1.4358535257995848,-32.908931732177734,20.685483932495117,32.908931732177734,53.59441566467285,5.091098219781925,1.6237501740116886,0.0,1,20.27824889655564,0.9953427923039825,1.4557823486328125,12.320354327792302,0.3743772185636063,49.28141731116921,19.326046004380082
base_seed4,base,631437,csp2.relu3,64x160x160,0.41368423400878906,0.9374912495900707,0.0,29.51789093017578,29.51789093017578,29.51789093017578,18.611158782270625,1.8789165984902378,0.0,2,28.0319350823188,0.9992142049131739,2.429484130859375,11.332246945239604,0.3839111328125,90.65797556191683,35.55214727918307
base_seed4,base,631437,down2,128x80x80,-13.370242431640625,25.497530060657965,-413.9181213378906,196.7244873046875,413.9181213378906,610.6426086425781,4.835611108806404,1.709670456076804,0.0,-2,27.94064309956339,0.999197651476648,1.57631494140625,215.56363139674067,0.5207880986219766,107.78181569837034,42.26737870524327
base_seed4,base,631437,bn_down2,128x80x80,-1.4405239294433594,0.8215405053100704,-16.532760620117188,9.766252517700195,16.532760620117188,26.299013137817383,3.774405510440582,2.442802163497699,0.0,2,27.230420708598913,0.9990552876680311,1.35623095703125,7.681884250370786,0.4646461910918501,61.455074002966285,24.100029020771093
base_seed4,base,631437,csp3.conv1,128x80x80,-10.20984099609375,23.363860098654147,-256.7508850097656,146.71615600585938,256.7508850097656,403.467041015625,0.862911896765266,1.5302047450598752,0.0,-2,26.883830720672197,0.9989767049470712,0.696648681640625,132.29272916913033,0.5152571496067034,66.14636458456516,25.939750817476533
base_seed4,base,631437,csp3.bn1,128x80x80,-0.38932212280273437,1.3668022809192484,-17.358442306518555,18.50792694091797,18.50792694091797,35.86636924743652,2.340589608702502,1.8847073164951569,0.0,2,25.882168933531744,0.9987119310121815,1.24425634765625,8.650164909893647,0.467376218714672,69.20131927914917,27.13777226633301
base_seed4,base,631437,csp3.relu1,128x80x80,0.3332930084228516,0.6774668908605248,0.0,18.50792694091797,18.50792694091797,18.50792694091797,15.505702548492543,2.1809363128911,0.0,2,24.64327971257831,0.9982873011663739,2.254650146484375,7.588882640935481,0.4100341796875,60.711061127483845,23.80825926567994
base_seed4,base,631437,csp3.conv2,128x80x80,-11.072157109375,49.34777293045064,-574.3903198242188,481.8299255371094,574.3903198242188,1056.2202453613281,1.674585529501102,1.6549184654332318,0.0,-3,26.812121093869024,0.9989597582707034,0.96439990234375,308.1433951817453,0.536470383546935,77.03584879543632,30.21013678252405
base_seed4,base,631437,csp3.bn2,128x80x80,-0.36541101348876953,1.7154362170469255,-35.88566970825195,28.46354866027832,35.88566970825195,64.34921836853027,4.105736772890806,2.713437890872309,0.0,1,21.691736354223288,0.9966305742545601,1.455915283203125,12.588332556420937,0.35078995762830184,50.35333022568375,19.74640401007206
base_seed4,base,631437,csp3.relu2,128x80x80,0.4797447006225586,1.0804875937248524,0.0,28.46354866027832,28.46354866027832,28.46354866027832,17.267873696106673,3.094028582310515,0.0,2,29.038904676797316,0.9993767287621194,2.41432763671875,12.060177905252203,0.4237060546875,96.48142324201763,37.83585225177162
base_seed4,base,631437,csp3.conv3,128x80x80,-17.87191578125,15.24152225609067,-194.18663024902344,74.7846908569336,194.18663024902344,268.97132110595703,2.827933527185979,1.549713663163316,0.0,-1,32.1907772299627,0.9996982132352163,1.37121533203125,119.49061517138034,0.6153390427453553,119.49061517138034,46.85906477309033
base_seed4,base,631437,csp3.bn3,128x80x80,-1.440246903076172,1.3189282594922698,-29.77880859375,12.396269798278809,29.77880859375,42.17507839202881,3.9157556982617363,2.562874070109319,0.0,2,28.646248625428647,0.9993177994526357,1.42732763671875,11.610369672183879,0.38988697736620237,92.88295737747103,36.4246891676357
base_seed4,base,631437,csp3.relu3,128x80x80,0.00015307357117533683,0.021019254547376538,0.0,12.771414756774902,12.771414756774902,12.771414756774902,50405.82773867899,3.99695388861592,0.78125,3,33.971113742787054,0.999799643617782,0.01184619140625,0.1761681967182085,0.0137939453125,2.818691147491336,1.1053690774475826
base_seed4,base,631437,down3,256x40x40,-0.017471036949157717,1.6718040813453823,-233.7174530029297,265.8931579589844,265.8931579589844,499.61061096191406,2036.224079706845,1.9163016068501977,0.0,-2,6.625843376231304,0.8875553761117608,0.16625146484375,70.79375067539513,0.26624886183162144,35.396875337697566,13.88112758341081
base_seed4,base,631437,bn_down3,256x40x40,0.41809635681152346,4.196234080214327,-238.58761596679688,273.6351623535156,273.6351623535156,512.2227783203125,10.146725829271036,42.81310207322908,0.0,-2,12.43318920952811,0.9714146925794447,4.325599609375,36.937413319945335,0.13498781736327084,18.468706659972668,7.24263006273438
base_seed4,base,631437,PRE-HEAD,256x40x40,0.41809635681152346,4.196234080214327,-238.58761596679688,273.6351623535156,273.6351623535156,512.2227783203125,10.146725829271036,42.81310207322908,0.0,-2,12.43318920952811,0.9714146925794447,4.325599609375,36.937413319945335,0.13498781736327084,18.468706659972668,7.24263006273438
base_seed4,base,631437,head,15x40x40,15.962416270833334,143.94994629197782,-2074.109619140625,2232.008544921875,2232.008544921875,4306.1181640625,8.36710232742239,18.040232846659613,0.0,-5,25.86598906700582,0.9987144952604708,6.6821166666666665,1062.2349284887314,0.4759098843530242,66.38968303054571,26.03516981590028
base_seed4,base,631437,bn_head,15x40x40,-5.036458354166666,10.20440885500371,-42.18140411376953,32.127838134765625,42.18140411376953,74.30924224853516,0.6302418819830811,5343103.570952265,0.0,1,42.124412721198716,0.9999986291631231,0.000425,27.731376904062927,0.6574313370239472,110.9255076162517,43.500199065196746
basewide_seed1,Base-Wide,1414845,conv1,24x320x320,-0.04717880729675293,1.0637766770665267,-10.051335334777832,8.624764442443848,10.051335334777832,18.67609977722168,3.568461566417686,1.2045747126184914,0.0,3,29.391328253777402,0.9994257615761217,1.7244193522135416,6.510810071835294,0.6477557314507013,104.17296114936471,40.852141627201846
basewide_seed1,Base-Wide,1414845,bn1,24x320x320,0.14651258768717448,1.1744421717731837,-20.854339599609375,24.341848373413086,24.341848373413086,45.19618797302246,9.841242091074685,3.4926771287605782,0.0,2,24.404044459412848,0.9981933853528385,1.2825757649739584,12.452470311662182,0.5115663412505335,99.61976249329746,39.066573526783316
basewide_seed1,Base-Wide,1414845,relu1,24x320x320,0.4811516276041667,0.803981267560287,0.0,24.341848373413086,24.341848373413086,24.341848373413086,28.658104728155596,3.464461256963815,4.166666666666666,2,25.34562093315074,0.9985446717946524,1.6505009765625,12.144181433366612,0.4989013671875,97.15345146693289,38.099392732130546
basewide_seed1,Base-Wide,1414845,csp1.conv1,48x320x320,-1.0621583829752603,3.361447197008673,-67.50287628173828,50.18058776855469,67.50287628173828,117.68346405029297,8.529348199414708,1.460470797270752,0.0,0,21.69151788129517,0.996627519624136,1.5505851236979167,33.78667875658721,0.5005220609499806,67.57335751317441,26.49935588751938
basewide_seed1,Base-Wide,1414845,csp1.bn1,48x320x320,0.054668198496500654,1.3308506087558256,-29.10934066772461,28.955446243286133,29.10934066772461,58.06478691101074,11.783927399116132,2.1492342726352036,0.0,2,25.254392559953473,0.998511117088693,1.8510868326822916,14.089896885445341,0.4840335288345336,112.71917508356273,44.20359807198538
basewide_seed1,Base-Wide,1414845,csp1.relu1,48x320x320,0.4674846504720052,0.8333903186308624,0.0,28.955446243286133,28.955446243286133,28.955446243286133,27.177994380342508,2.9048541664374476,0.0,2,25.158851823185003,0.998478351030684,2.1626083984375,11.99289906048216,0.4141845703125,95.94319248385727,37.62478136621854
basewide_seed1,Base-Wide,1414845,csp1.conv2,48x320x320,-13.7310962890625,35.035387320543414,-717.0941772460938,475.0919494628906,717.0941772460938,1192.1861267089844,6.2112013736923455,1.5883944270404984,0.0,-3,24.267714593748234,0.998133612904385,1.730250284830729,298.6938947401941,0.4165337053597184,74.67347368504852,29.283715170607262
basewide_seed1,Base-Wide,1414845,csp1.bn2,48x320x320,-0.2153504268391927,1.3475798448056142,-29.041900634765625,22.399974822998047,29.041900634765625,51.44187545776367,10.492340440519902,1.9263984513595847,0.0,2,25.529223773059677,0.9986034055567432,1.8365424397786458,13.727949675638229,0.4726946024739409,109.82359740510583,43.06807741376699
basewide_seed1,Base-Wide,1414845,csp1.relu2,48x320x320,0.3462534879557292,0.6347251105211987,0.0,22.399974822998047,22.399974822998047,22.399974822998047,31.457996549920153,2.392891358927245,0.0,2,23.25561954567972,0.997645313876186,1.7492836100260416,9.52928616432473,0.4254150390625,76.23428931459785,29.89579973121484
basewide_seed1,Base-Wide,1414845,csp1.conv3,48x320x320,-1.2738309594726562,4.338772464255853,-75.30350494384766,73.73937225341797,75.30350494384766,149.04287719726562,5.329193640503123,1.3359653460749745,0.0,0,23.89898400911195,0.9979685092613839,1.4965616455078126,37.22406866773963,0.49432053256348274,74.44813733547926,29.19534797469775
basewide_seed1,Base-Wide,1414845,csp1.bn3,48x320x320,-0.24131660339355468,1.5031067170317525,-32.67562484741211,29.23369598388672,32.67562484741211,61.90932083129883,6.732741506430809,1.6625338174433641,0.0,1,20.47333102085508,0.9955442627265848,1.599423543294271,13.669040143955499,0.4183252870537862,54.676160575821996,21.441631598361568
basewide_seed1,Base-Wide,1414845,csp1.shortcut_conv.0,48x320x320,-1.75893390625,3.928859118673208,-59.77873229980469,52.761531829833984,59.77873229980469,112.54026412963867,5.306617009093687,1.546361373589427,0.0,1,29.54964793624224,0.99944604299201,1.307666015625,34.87205519201234,0.583352203206997,139.48822076804936,54.70126304629387
basewide_seed1,Base-Wide,1414845,csp1.shortcut_conv.1,48x320x320,-0.2290444770304362,1.1728113327122176,-23.783966064453125,30.63140869140625,30.63140869140625,54.415374755859375,13.64488337623889,2.1915116598657733,0.0,2,24.409386179557046,0.9981932873671305,1.5047587890625,13.388450745493174,0.43708243654002604,107.10760596394539,42.002982730958976
basewide_seed1,Base-Wide,1414845,csp1.relu3,48x320x320,0.5313406331380208,1.0241608747955098,0.0,36.0547981262207,36.0547981262207,36.0547981262207,16.39095592379179,2.2447937040174746,0.0,1,22.100096301041265,0.9969325738495153,1.99258203125,12.547879572492093,0.3480224609375,50.19151828996837,19.682948349007205
basewide_seed1,Base-Wide,1414845,down1,96x160x160,-7.5268655859375,28.96856369902662,-519.7557983398438,417.5201110839844,519.7557983398438,937.2759094238281,4.109168906884742,1.3850505103797142,0.0,-3,22.229842741152012,0.9970201178101566,1.2110439453125,245.50648744031787,0.4723496846490066,61.37662186007947,24.069263474540968
basewide_seed1,Base-Wide,1414845,bn_down1,96x160x160,-0.45884244873046875,1.3219339638458,-26.35735511779785,18.329557418823242,26.35735511779785,44.686912536621094,5.203095278574251,1.7265967683604144,0.0,2,25.731494288991925,0.998667222236876,1.5576194661458334,11.198061912320554,0.42485529607479633,89.58449529856443,35.13117462688801
basewide_seed1,Base-Wide,1414845,csp2.conv1,96x160x160,-1.9942681868489582,18.20671824901243,-271.18310546875,308.9315185546875,308.9315185546875,580.1146240234375,5.65620133578304,1.3863892301190892,0.0,-2,24.008669391818426,0.9980193986213031,1.6524869791666668,151.2270181030035,0.48951631355229647,75.61350905150175,29.652356490785
basewide_seed1,Base-Wide,1414845,csp2.bn1,96x160x160,-0.3332837365722656,1.3930994900643954,-27.770263671875,23.280986785888672,27.770263671875,51.05125045776367,5.734039138098153,1.9900089636967353,0.0,2,25.942356325472335,0.9987298986440476,1.5917757975260416,11.773125009145588,0.42394718135388476,94.1850000731647,36.935294146339096
basewide_seed1,Base-Wide,1414845,csp2.relu1,96x160x160,0.348422753499349,0.7275607079169469,0.0,23.280986785888672,23.280986785888672,23.280986785888672,24.06989354787196,2.4538243685860337,0.0,2,25.309401682401884,0.9985308649296837,2.031688232421875,9.915449572261423,0.4259033203125,79.32359657809138,31.10729277572211
basewide_seed1,Base-Wide,1414845,csp2.conv2,96x160x160,-10.690584075520833,36.40255560567445,-418.65362548828125,448.4327087402344,448.4327087402344,867.0863342285156,2.2555990026734394,1.3511497599762365,0.0,-2,30.337408044298087,0.9995377113213131,1.1818916015625,230.49682468548417,0.5140053796098203,115.24841234274209,45.19545582068317
basewide_seed1,Base-Wide,1414845,csp2.bn2,96x160x160,-0.39123545654296876,1.3639862562805611,-21.734724044799805,19.894968032836914,21.734724044799805,41.62969207763672,3.5429916898250733,1.6286300125762527,0.0,2,25.880507471530425,0.9987118510778596,1.42371533203125,10.031454897485673,0.46154047674167614,80.25163917988539,31.471231050935447
basewide_seed1,Base-Wide,1414845,csp2.relu2,96x160x160,0.32566622233072917,0.6688097224929235,0.0,19.894968032836914,19.894968032836914,19.894968032836914,17.42242113304713,2.0217085674917485,0.0,2,24.60287033754124,0.998272843366184,2.2132089029947917,7.963330100057647,0.4002685546875,63.70664080046117,24.982996392337714
basewide_seed1,Base-Wide,1414845,csp2.conv3,96x160x160,-1.62805234375,7.019043774897461,-88.85792541503906,94.21763610839844,94.21763610839844,183.0755615234375,2.1046374046021086,1.391635787320899,0.0,0,27.943667607446997,0.9991980370419253,1.0688981119791667,45.521145805716515,0.4831488847092696,91.04229161143303,35.70285945546393
basewide_seed1,Base-Wide,1414845,csp2.bn3,96x160x160,-0.46667548990885416,1.3545172937609535,-25.16448402404785,24.861846923828125,25.16448402404785,50.02633094787598,4.752649161936213,1.9488538175166028,0.0,2,25.9737050662291,0.9987388005740815,1.543095947265625,10.736980776069686,0.42667200192974913,85.89584620855749,33.68464557198333
basewide_seed1,Base-Wide,1414845,csp2.relu3,96x160x160,0.36074007405598957,0.9095112350586682,0.0,30.208969116210938,30.208969116210938,30.208969116210938,24.059110366025024,2.0271077116792466,0.0,2,28.211430437667854,0.999245984286066,2.458045817057292,11.575433844700456,0.3831787109375,92.60347075760365,36.31508657160927
basewide_seed1,Base-Wide,1414845,down2,192x80x80,-16.978192005208335,37.4474053338049,-708.8195190429688,473.9229431152344,708.8195190429688,1182.7424621582031,6.922227654964004,2.4235765234207465,0.0,-3,25.01707489199513,0.9984287117248863,1.7306643880208334,345.42074252292514,0.48731832750501003,86.35518563073128,33.86477867871815
basewide_seed1,Base-Wide,1414845,bn_down2,192x80x80,-1.200177880859375,0.7955026127141016,-16.674575805664062,12.000158309936523,16.674575805664062,28.674734115600586,5.097020735738916,2.668737979884076,0.0,2,26.010932042762413,0.9987493130399059,1.5364560546875,7.731223063310608,0.46365335786739753,61.849784506484866,24.254817453523476
basewide_seed1,Base-Wide,1414845,csp3.conv1,192x80x80,-14.084640338541666,30.479456412485305,-324.71185302734375,263.696044921875,324.71185302734375,588.4078979492188,1.1941739317631574,1.565126235038174,0.0,-2,29.277356691793706,0.9994099770260654,0.86439990234375,177.25074286013842,0.5458708735378757,88.62537143006921,34.755047619634986
basewide_seed1,Base-Wide,1414845,csp3.bn1,192x80x80,-0.4012573583984375,1.319750187742837,-22.990999221801758,21.88344955444336,22.990999221801758,44.87444877624512,4.37167799653969,1.9870580628911183,0.0,2,25.620488434708992,0.9986318586063143,1.5050732421875,10.507006453117356,0.4570052111155673,84.05605162493885,32.96315749997602
basewide_seed1,Base-Wide,1414845,csp3.relu1,192x80x80,0.2982090002441406,0.6219058286450506,0.0,21.88344955444336,21.88344955444336,21.88344955444336,24.05068964908264,3.0841178774447253,0.5208333333333333,2,23.885534476159847,0.9979633391528604,2.1035743815104166,8.310475044418126,0.3797607421875,66.48380035534501,26.072078570723534
basewide_seed1,Base-Wide,1414845,csp3.conv2,192x80x80,-15.836172916666667,63.00574842044256,-880.2957763671875,717.211181640625,880.2957763671875,1597.5069580078125,2.0371592136941548,1.6062632896134819,0.0,-3,28.98284468207185,0.9993685799292142,0.9594231770833334,415.14352075755596,0.47159549313160853,103.78588018938899,40.700345172309405
basewide_seed1,Base-Wide,1414845,csp3.bn2,192x80x80,-0.4262906532796224,1.5196288217240594,-27.979780197143555,30.808639526367188,30.808639526367188,58.78841972351074,4.6862078273821615,3.184090941960864,0.0,2,26.78317196730234,0.9989527912812822,1.4765960286458333,11.75550788990222,0.3815653034546175,94.04406311921775,36.88002475263441
basewide_seed1,Base-Wide,1414845,csp3.relu2,192x80x80,0.38376973022460936,0.9211350450472026,0.0,30.808639526367188,30.808639526367188,30.808639526367188,21.94518352145265,3.676336454681653,0.5208333333333333,2,27.881068151027613,0.9991864864200571,2.4598209635416666,11.233570100739598,0.3646240234375,89.86856080591679,35.242572865065405
basewide_seed1,Base-Wide,1414845,csp3.conv3,192x80x80,-17.816532434895834,19.722756988978613,-355.4196472167969,156.73939514160156,355.4196472167969,512.1590423583984,4.707065187704336,1.980715793750408,0.0,-2,27.244426305575708,0.9990583075216994,1.4485607096354167,179.4274958204478,0.5048328003966579,89.7137479102239,35.181861925578
basewide_seed1,Base-Wide,1414845,csp3.bn3,192x80x80,-1.1614712809244792,1.2023271261495971,-24.456544876098633,8.686955451965332,24.456544876098633,33.143500328063965,4.721891630992828,2.4459354291356368,0.0,2,27.305309793218857,0.9990714931626081,1.5069226888020832,10.963677005725913,0.4482921467962839,87.7094160458073,34.39584942972835
basewide_seed1,Base-Wide,1414845,csp3.relu3,192x80x80,0.00010222472230593364,0.01666429263310639,0.0,9.002279281616211,9.002279281616211,9.002279281616211,63683.51501178199,3.8118204272924525,3.6458333333333335,3,33.80032333221383,0.9997916749739553,0.00819482421875,0.0010989110451191664,0.0001220703125,0.017582576721906662,0.006895128126237907
basewide_seed1,Base-Wide,1414845,down3,384x40x40,-0.05273500015258789,1.5426520047988619,-267.67901611328125,307.0247497558594,307.0247497558594,574.7037658691406,2671.233713216066,2.2528943030263155,0.0,-2,7.961840031199804,0.9165784091514754,0.16782877604166666,69.13162596896291,0.2251662969318765,34.565812984481454,13.555220778228021
basewide_seed1,Base-Wide,1414845,bn_down3,384x40x40,-0.03308812189737956,1.8851190678966774,-196.8641815185547,367.2774658203125,367.2774658203125,564.1416473388672,166.5091003703435,1489.73671119284,0.0,-2,7.494133866306941,0.9080520153200364,2.1230081380208334,31.1062536444515,0.08469415234875853,15.55312682222575,6.099265420480686
basewide_seed1,Base-Wide,1414845,PRE-HEAD,384x40x40,-0.03308812189737956,1.8851190678966774,-196.8641815185547,367.2774658203125,367.2774658203125,564.1416473388672,166.5091003703435,1489.73671119284,0.0,-2,7.494133866306941,0.9080520153200364,2.1230081380208334,31.1062536444515,0.08469415234875853,15.55312682222575,6.099265420480686
basewide_seed1,Base-Wide,1414845,head,15x40x40,-9.426576171875,78.0849228832035,-2499.77294921875,2785.314208984375,2785.314208984375,5285.087158203125,24.482305768516305,39.20260681992652,0.0,-5,24.01230850824685,0.9989876213259733,0.022458333333333334,1131.4050460755825,0.4062037390345749,70.7128153797239,27.730515835185845
basewide_seed1,Base-Wide,1414845,bn_head,15x40x40,-5.337651895833333,10.702157733633602,-48.643917083740234,52.022518157958984,52.022518157958984,100.66643524169922,0.32012037855506215,95786.21415607985,0.0,1,42.67436929445368,0.9999878579426331,0.002458333333333333,27.765954012982547,0.5337295270612463,111.06381605193019,43.554437667423606
base_seed5,base,631437,conv1,16x320x320,-0.014116981143951416,1.5039538755944768,-10.188362121582031,9.232834815979004,10.188362121582031,19.421196937561035,1.6589837719487557,1.1999045373414217,0.0,3,32.395061085109226,0.9997121350061817,1.7958353271484375,7.402729015913792,0.7265867592429379,118.44366425462067,46.448495786125754
base_seed5,base,631437,bn1,16x320x320,0.09035489044189453,1.210228026589036,-15.505874633789062,17.778160095214844,17.778160095214844,33.284034729003906,6.388458003374325,2.03662142324783,0.0,2,24.66303534307979,0.998290242430647,1.3217574462890624,10.73699405696243,0.6039429276965725,85.89595245569944,33.6846872375292
base_seed5,base,631437,relu1,16x320x320,0.4818007855224609,0.8053870102157326,0.0,17.778160095214844,17.778160095214844,17.778160095214844,19.724343104502367,1.7176218627553779,12.5,2,25.42258719857404,0.9985662593737398,1.422558349609375,10.570973855443299,0.5946044921875,84.56779084354639,33.16383954648878
base_seed5,base,631437,csp1.conv1,32x320x320,-1.1213178204345704,2.3669307323345175,-36.148292541503906,32.53666305541992,36.148292541503906,68.68495559692383,7.5031095886429835,1.5232154973616898,0.0,1,25.232732384538885,0.9985040592158876,1.4661663818359374,22.506883513648063,0.6226264625862102,90.02753405459225,35.30491531552637
base_seed5,base,631437,csp1.bn1,32x320x320,-0.11824825256347657,1.3096560248783111,-24.5677490234375,23.326791763305664,24.5677490234375,47.894540786743164,13.235263176844775,1.6676914580714812,0.0,2,25.228243863730096,0.9985029821909238,1.6018175659179688,14.469341898569837,0.5889567613527052,115.7547351885587,45.39401379943478
base_seed5,base,631437,csp1.relu1,32x320x320,0.38286631896972656,0.7460725175884179,0.0,23.326791763305664,23.326791763305664,23.326791763305664,50.46352810411987,3.179056985186725,0.0,2,24.567229348229592,0.9982561361357531,1.5158654174804687,13.021657560253516,0.5582275390625,104.17326048202813,40.85225901256005
base_seed5,base,631437,csp1.conv2,32x320x320,-5.083259011230469,17.889645451691997,-300.72845458984375,245.04905700683594,300.72845458984375,545.7775115966797,6.098455168111567,1.345304610305122,0.0,-2,24.150241953151507,0.9980840493471078,1.7197183837890626,149.31147349067032,0.4964993209382618,74.65573674533516,29.276759507974575
base_seed5,base,631437,csp1.bn2,32x320x320,-0.1213355567932129,1.3939000618282187,-32.779598236083984,23.749101638793945,32.779598236083984,56.52869987487793,9.636792496029523,2.061815872053883,0.0,1,19.677294943231345,0.9946725753807575,1.7992056274414063,13.823990502161905,0.4217254403973863,55.29596200864762,21.68469098378338
base_seed5,base,631437,csp1.relu2,32x320x320,0.4168670880126953,0.7401927094139141,0.0,23.749101638793945,23.749101638793945,23.749101638793945,24.581539414541286,2.2449428531042073,0.0,2,24.680170743655992,0.9983022838903638,1.7969556274414062,10.422121629817411,0.4388427734375,83.37697303853929,32.69685217197619
base_seed5,base,631437,csp1.conv3,32x320x320,-1.0931378607177735,3.6831642145222423,-58.895294189453125,64.67386627197266,64.67386627197266,123.56916046142578,5.517298879276394,1.301528815976127,0.0,0,22.479022573588527,0.9971872705075133,1.528686279296875,30.793567390181124,0.47613617625216814,61.58713478036225,24.15181756092637
base_seed5,base,631437,csp1.bn3,32x320x320,-0.19016090057373047,1.4721424966284058,-29.198726654052734,21.96923828125,29.198726654052734,51.167964935302734,6.8717641530319575,1.7052385948534032,0.0,2,26.271905328596056,0.9988223749812788,1.6735180053710939,13.16501498548314,0.45087633928227683,105.32011988386512,41.302007797594165
base_seed5,base,631437,csp1.shortcut_conv.0,32x320x320,-0.7241156005859375,2.8818981562036945,-35.1873664855957,31.53608512878418,35.1873664855957,66.72345161437988,3.57587187063886,1.54307026436759,0.0,1,26.276708754985535,0.9988219816709799,1.3629915161132813,21.34909203578718,0.606726054492502,85.39636814314872,33.488771820842636
base_seed5,base,631437,csp1.shortcut_conv.1,32x320x320,-0.1870322918701172,1.2703625661532059,-22.94687843322754,24.147415161132812,24.147415161132812,47.09429359436035,9.517738219592507,1.7961866370089548,0.0,2,24.972604321039242,0.998412310613364,1.7716145629882813,12.328816876979545,0.5105646627065806,98.63053501583636,38.67864118268093
base_seed5,base,631437,csp1.relu3,32x320x320,0.5462304989624024,1.0386085766305564,0.0,34.37977600097656,34.37977600097656,34.37977600097656,21.10463230509205,2.050062975085432,0.0,1,21.93455257358025,0.9968098919492698,2.056867980957031,13.442190250381827,0.3909912109375,53.76876100152731,21.085788628049926
base_seed5,base,631437,down1,64x160x160,-7.557955454101562,21.074623565234006,-348.52410888671875,332.658447265625,348.52410888671875,681.1825561523438,4.9892128086186,1.3845815848586978,0.0,-2,25.772969088212786,0.9986792375598108,1.6424278564453125,169.49749226123095,0.486329318228952,84.74874613061547,33.23480240416293
base_seed5,base,631437,bn_down1,64x160x160,-0.38538391998291016,1.2731402738213993,-23.477907180786133,25.990629196166992,25.990629196166992,49.468536376953125,5.633144192440168,1.7055573519462706,0.0,2,25.30688365960812,0.9985297367028697,1.6262099609375,10.875266138464212,0.4184302756344221,87.0021291077137,34.11848200302498
base_seed5,base,631437,csp2.conv1,64x160x160,-1.8745535656738281,11.735154612239649,-192.10267639160156,180.6935272216797,192.10267639160156,372.79620361328125,5.834387555776695,1.3952730621338687,0.0,-1,26.270375377819498,0.9988218365350016,1.7508616943359374,96.6737653836608,0.5032400755655855,96.6737653836608,37.911280542612076
base_seed5,base,631437,csp2.bn1,64x160x160,-0.45434083892822263,1.3326243951492267,-27.440868377685547,19.392433166503906,27.440868377685547,46.83330154418945,6.39774114132417,1.6947063731089753,0.0,2,25.787942657344196,0.9986842188106031,1.6272518310546875,12.045106529723853,0.4389477171035422,96.36085223779082,37.78856950501601
base_seed5,base,631437,csp2.relu1,64x160x160,0.269533477935791,0.6007820113266149,0.0,19.392433166503906,19.392433166503906,19.392433166503906,26.96667690215844,1.9162658747704846,0.0,2,23.834956994555483,0.997939797637932,2.107515869140625,8.344522328116,0.4302978515625,66.756178624928,26.178893578403137
base_seed5,base,631437,csp2.conv2,64x160x160,-4.611635834960937,17.788197717888796,-269.12457275390625,294.05426025390625,294.05426025390625,563.1788330078125,3.2052993199333626,1.2308291933342286,0.0,-2,24.03106076323716,0.9980294030364705,1.377673828125,127.20428128540516,0.432587785586131,63.60214064270258,24.942015938314736
base_seed5,base,631437,csp2.bn2,64x160x160,-0.28087738647460936,1.4811745508268743,-26.071414947509766,19.33037567138672,26.071414947509766,45.401790618896484,4.353976539692613,1.5524120723061148,0.0,2,26.404666555768685,0.9988577647371224,1.5094307861328125,11.654413756448776,0.4470188434311256,93.2353100515902,36.56286668689812
base_seed5,base,631437,csp2.relu2,64x160x160,0.3997594024658203,0.732133694204805,0.0,19.33037567138672,19.33037567138672,19.33037567138672,13.299129595221391,1.7009400693219725,0.0,2,25.0133732262305,0.9984279470927334,2.01864794921875,8.294222471304238,0.4290771484375,66.3537797704339,26.02109010605251
base_seed5,base,631437,csp2.conv3,64x160x160,-2.0270399572753908,5.748239709145443,-77.6583480834961,60.74786376953125,77.6583480834961,138.40621185302734,1.3750650893638028,1.249014865659498,0.0,0,26.476402036936783,0.9988764187306863,0.8940059814453125,34.01781522016972,0.4380445381557011,68.03563044033945,26.68063938836841
base_seed5,base,631437,csp2.bn3,64x160x160,-0.3725203762817383,1.4523803758046616,-34.96902847290039,18.437475204467773,34.96902847290039,53.406503677368164,3.9502485582133025,1.8307795274670033,0.0,1,20.332180793793594,0.9954014623276002,1.38197802734375,11.375505913281813,0.32530231493555445,45.50202365312725,17.84393084436363
base_seed5,base,631437,csp2.relu3,64x160x160,0.4266874609375,0.9857154947706046,0.0,25.19658088684082,25.19658088684082,25.19658088684082,19.847559818019942,1.6594369760112533,0.0,2,28.442987462495203,0.9992851470101871,2.431770751953125,11.930851716315374,0.4735107421875,95.44681373052299,37.430123031577644
base_seed5,base,631437,down2,128x80x80,-14.1568994921875,28.756325943487656,-459.07257080078125,258.9627380371094,459.07257080078125,718.0353088378906,6.448566492473107,1.8064333150758964,0.0,-2,28.86809795955559,0.9993517452945845,1.741267333984375,256.5115846283734,0.5587604246991462,128.2557923141867,50.29638914281831
base_seed5,base,631437,bn_down2,128x80x80,-1.3361841259765626,0.7979616130383598,-16.673099517822266,9.350849151611328,16.673099517822266,26.023948669433594,5.085062411424174,2.535429813144943,0.0,2,26.661035710070617,0.9989232644708796,1.526269775390625,7.95291652251035,0.47699088666803025,63.6233321800828,24.95032634513051
base_seed5,base,631437,csp3.conv1,128x80x80,-8.166945166015624,21.06208289124782,-206.77867126464844,193.61773681640625,206.77867126464844,400.3964080810547,1.6180592438466803,1.472068552639578,0.0,-1,31.84603187908541,0.9996733038455574,1.033491455078125,118.26330321840942,0.5719318268906398,118.26330321840942,46.37776596800369
base_seed5,base,631437,csp3.bn1,128x80x80,-0.4642988470458984,1.3354368071480416,-21.822254180908203,18.2346248626709,21.822254180908203,40.0568790435791,3.434557385066526,1.9409735428552364,0.0,2,25.846563798881004,0.9987013611990825,1.478413818359375,9.641872626030818,0.4418366932260497,77.13498100824654,30.249012160096683
base_seed5,base,631437,csp3.relu1,128x80x80,0.2807594859313965,0.6053109847683401,0.0,18.2346248626709,18.2346248626709,18.2346248626709,20.232869854135167,2.3872651987782247,0.0,2,23.84383356697501,0.9979429879396075,2.34311328125,7.338813253445551,0.4024658203125,58.710506027564406,23.023727853946827
base_seed5,base,631437,csp3.conv2,128x80x80,-12.2779145703125,40.894967401920105,-433.6463623046875,364.5596618652344,433.6463623046875,798.2060241699219,2.0729699025172303,1.4541204348349,0.0,-2,31.34938891081771,0.9996337420967831,1.216032470703125,248.02838427200913,0.571960025108524,124.01419213600457,48.63301652392336
base_seed5,base,631437,csp3.bn2,128x80x80,-0.38623644958496095,1.5645062920061548,-28.41961669921875,24.77162742614746,28.41961669921875,53.19124412536621,6.277006104149539,2.456398572067459,0.0,2,26.975430692109,0.9989982771273975,1.609627685546875,13.220452707028016,0.4651875796548461,105.76362165622413,41.475930061264364
base_seed5,base,631437,csp3.relu2,128x80x80,0.39882477661132815,0.9874303040215963,0.0,24.77162742614746,24.77162742614746,24.77162742614746,26.781855371158166,3.1202047676369498,0.0,2,28.344163466418706,0.999268701244332,2.35283740234375,13.03594797779806,0.5262451171875,104.28758382238448,40.89709169505274
base_seed5,base,631437,csp3.conv3,128x80x80,-14.853484189453125,13.8314919859958,-203.2565460205078,47.7089958190918,203.2565460205078,250.9655418395996,3.3848695183865543,1.703914672017094,0.0,-1,30.938772935243648,0.9995974341364738,1.4408974609375,113.03516897978261,0.5561206819305972,113.03516897978261,44.32751724697357
base_seed5,base,631437,csp3.bn3,128x80x80,-1.389967071533203,1.3307600503237937,-23.63107681274414,7.853572368621826,23.63107681274414,31.484649181365967,3.1490386754273576,2.1393658321069977,0.0,2,28.49246659668385,0.9992932931646874,1.322419921875,11.02107510814676,0.466380571460169,88.16860086517408,34.57592190791141
base_seed5,base,631437,csp3.relu3,128x80x80,0.00010912379190325737,0.01568552125913542,0.0,7.423277854919434,7.423277854919434,7.423277854919434,50535.29440214811,3.0323464084662457,2.34375,4,38.916824741875715,0.9999358380310999,0.00923974609375,0.0009061618475243449,0.0001220703125,0.028997179120779037,0.011371442792462367
base_seed5,base,631437,down3,256x40x40,-0.01190742551803589,1.0091572537289049,-193.20916748046875,124.38987731933594,193.20916748046875,317.5990447998047,1225.4461268835591,2.4560895514300345,0.0,-1,6.236850390696621,0.8832897749543095,0.1815751953125,37.2398123499006,0.19274350609509833,37.2398123499006,14.603847980353178
base_seed5,base,631437,bn_down3,256x40x40,0.28240300704956056,2.246990041084821,-219.52928161621094,178.2222900390625,219.52928161621094,397.75157165527344,77.31272886858248,811.5938042970483,0.0,-1,13.575621693618015,0.9791403048391174,1.9942060546875,30.995425080880523,0.14119039087946295,30.995425080880523,12.155068659168833
base_seed5,base,631437,PRE-HEAD,256x40x40,0.28240300704956056,2.246990041084821,-219.52928161621094,178.2222900390625,219.52928161621094,397.75157165527344,77.31272886858248,811.5938042970483,0.0,-1,13.575621693618015,0.9791403048391174,1.9942060546875,30.995425080880523,0.14119039087946295,30.995425080880523,12.155068659168833
base_seed5,base,631437,head,15x40x40,-19.544142239583334,71.42802716104467,-1770.454833984375,1797.650146484375,1797.650146484375,3568.10498046875,14.56471256535482,31.50192178364308,0.0,-4,28.005036290005094,0.9996645533883389,6.681133333333333,884.0908648371696,0.4918036285125706,110.5113581046462,43.33778749201812
base_seed5,base,631437,bn_head,15x40x40,-5.201036205729166,10.465538310889428,-36.902427673339844,50.13311767578125,50.13311767578125,87.0355453491211,0.4312352299876876,325940.65714285715,0.0,1,42.4064642304797,0.9999912829132255,0.001725,27.754770868457854,0.5536214812721666,111.01908347383142,43.53689547993389
basewide_seed2,Base-Wide,1414845,conv1,24x320x320,-0.06541983052571615,1.401313006177349,-9.202136993408203,9.524394035339355,9.524394035339355,18.72653102874756,1.6859567769790686,1.2504572833825378,0.0,3,31.758077096999564,0.9996667287305738,1.4270709635416667,6.349204631173052,0.6666255729881537,101.58727409876883,39.83814670539954
basewide_seed2,Base-Wide,1414845,bn1,24x320x320,0.021440043818155924,1.2702285856520212,-20.454376220703125,25.219640731811523,25.219640731811523,45.67401695251465,5.964656713021659,5.492905957399272,0.0,2,24.872031501986456,0.9983741279803572,1.1934716796875,11.230857951799408,0.445321885082726,89.84686361439526,35.23406416250795
basewide_seed2,Base-Wide,1414845,relu1,24x320x320,0.4705295495605469,0.8834014317610563,0.0,25.219640731811523,25.219640731811523,25.219640731811523,17.434531388591353,3.923740462902589,20.833333333333336,2,26.87756734248032,0.9989740238138042,1.8443336588541666,11.21522841625847,0.4447021484375,89.72182733006775,35.18503032551676
basewide_seed2,Base-Wide,1414845,csp1.conv1,48x320x320,-0.9072385327148438,3.574173613690175,-62.75063705444336,49.85768127441406,62.75063705444336,112.60831832885742,3.418312225763727,1.6980499860027978,0.0,1,28.1726835791003,0.9992390652893639,1.1147439371744792,27.326853322330862,0.4354832812075149,109.30741328932345,42.86565227032292
basewide_seed2,Base-Wide,1414845,csp1.bn1,48x320x320,-0.05014191276550293,1.3520408561634736,-33.650291442871094,28.082048416137695,33.650291442871094,61.73233985900879,11.212929104442534,2.0633558294363357,0.0,1,19.443989029549982,0.9943522251509039,1.4665139973958334,14.939183060312644,0.44395404674801264,59.756732241250575,23.434012643627675
basewide_seed2,Base-Wide,1414845,csp1.relu1,48x320x320,0.4428480684407552,0.8062201650227001,0.0,28.082048416137695,28.082048416137695,28.082048416137695,42.51390628230882,3.5406416130115397,0.0,2,25.118930700847237,0.9984658702897994,1.653173543294271,13.845629095798358,0.4930419921875,110.76503276638687,43.43726775152426
basewide_seed2,Base-Wide,1414845,csp1.conv2,48x320x320,-10.631363893229167,29.962158760728116,-453.7261962890625,439.9794921875,453.7261962890625,893.7056884765625,6.287732064531429,1.2692313316452923,0.0,-2,28.799175244734233,0.9993411937602898,1.8353780110677083,247.42693601548672,0.5453221304812088,123.71346800774336,48.51508549323269
basewide_seed2,Base-Wide,1414845,csp1.bn2,48x320x320,-0.13479650329589843,1.4268626590816267,-27.680072784423828,22.033668518066406,27.680072784423828,49.713741302490234,9.147638147240324,1.6345200510593958,0.0,2,25.97203788189089,0.9987390516036774,1.8543918863932292,13.752700190525502,0.49684479869808873,110.02160152420402,43.145726087923144
basewide_seed2,Base-Wide,1414845,csp1.relu2,48x320x320,0.41224668579101564,0.7366157276868841,0.0,22.033668518066406,22.033668518066406,22.033668518066406,23.342510614956126,1.9631020715574559,0.0,2,24.59681818020686,0.9982719227296073,1.8565696614583334,10.234144129790366,0.4644775390625,81.87315303832293,32.10711883855801
basewide_seed2,Base-Wide,1414845,csp1.conv3,48x320x320,-1.8383245540364583,5.035389375943035,-77.43305969238281,75.34485626220703,77.43305969238281,152.77791595458984,4.33687061733895,1.3870022884825304,0.0,0,25.361444534228408,0.9985482110534017,1.443863525390625,40.227012044750154,0.5195069419258314,80.45402408950031,31.550597682156983
basewide_seed2,Base-Wide,1414845,csp1.bn3,48x320x320,-0.2785979187011719,1.5395126466770932,-29.18548011779785,35.29298400878906,35.29298400878906,64.47846412658691,6.817201048509727,1.9509582351455852,0.0,1,20.6742002278078,0.995747745606931,1.626232137044271,14.018243744270876,0.3971963306015692,56.072974977083504,21.989401951797454
basewide_seed2,Base-Wide,1414845,csp1.shortcut_conv.0,48x320x320,-1.0016987825520833,3.8412949906618303,-45.31620788574219,40.81088638305664,45.31620788574219,86.12709426879883,1.9927484270725717,1.6174979283315174,0.0,1,28.725094468300007,0.9993299892857409,0.922886962890625,26.086904245894402,0.5756638841376246,104.34761698357761,40.92063411120691
basewide_seed2,Base-Wide,1414845,csp1.shortcut_conv.1,48x320x320,-0.28456999348958334,1.2632344766348742,-30.87696075439453,22.072649002075195,30.87696075439453,52.94960975646973,7.560214596730795,1.9113051326169652,0.0,2,25.11243052095013,0.9984599176302843,1.4645539143880208,12.139055641600862,0.39314282704696524,97.1124451328069,38.08331181678702
basewide_seed2,Base-Wide,1414845,csp1.relu3,48x320x320,0.5189061124674479,1.0606435744321865,0.0,38.9990348815918,38.9990348815918,38.9990348815918,21.530245102125782,2.3028100019450317,0.0,1,22.44471624166399,0.9971685068933601,2.1171414794921875,13.820092561189085,0.3543701171875,55.28037024475634,21.678576566571113
basewide_seed2,Base-Wide,1414845,down1,96x160x160,-8.9760834375,28.839861279538745,-518.4647827148438,406.55712890625,518.4647827148438,925.0219116210938,3.9639254176288414,1.4199491508826056,0.0,-3,22.32277846274393,0.9970834139646956,1.5274507649739584,215.28072110563517,0.4152272792345856,53.82018027640879,21.105953049572076
basewide_seed2,Base-Wide,1414845,bn_down1,96x160x160,-0.5123425122070312,1.3026837627748982,-26.241058349609375,20.204898834228516,26.241058349609375,46.44595718383789,4.933357716663432,1.50794897014653,0.0,2,25.72253035204166,0.9986637823005475,1.6742784830729167,10.530395830515772,0.40129463111660385,84.24316664412618,33.03653593887301
basewide_seed2,Base-Wide,1414845,csp2.conv1,96x160x160,-3.4616550390625,17.44357149421719,-268.52593994140625,267.5611877441406,268.52593994140625,536.0871276855469,4.871710157691436,1.3886132638872204,0.0,-2,23.755176883237272,0.9979015264417452,1.6971236165364583,133.4739654995501,0.49706171973059593,66.73698274977505,26.17136578422551
basewide_seed2,Base-Wide,1414845,csp2.bn1,96x160x160,-0.39404039672851565,1.398026497234581,-27.49736976623535,26.074310302734375,27.49736976623535,53.57168006896973,5.475664322268571,2.050330976189761,0.0,2,26.07120516039307,0.9987667800349503,1.6207189127604167,11.848318203119561,0.43088914699282915,94.78654562495649,37.17119436272804
basewide_seed2,Base-Wide,1414845,csp2.relu1,96x160x160,0.3157279892985026,0.6753809120827194,0.0,26.074310302734375,26.074310302734375,26.074310302734375,24.39846059293713,2.3163543234980177,0.0,2,24.619900102524394,0.998278565354819,2.221628336588542,8.908934880048037,0.3416748046875,71.27147904038429,27.949599623680115
basewide_seed2,Base-Wide,1414845,csp2.conv2,96x160x160,-10.200778059895834,29.342280463625883,-396.1136474609375,375.67523193359375,396.1136474609375,771.7888793945312,2.6566017455229574,1.2821903693934946,0.0,-2,28.60753822405018,0.9993116339672988,1.307208740234375,196.4773394241929,0.49601254762010794,98.23866971209645,38.52496851454763
basewide_seed2,Base-Wide,1414845,csp2.bn2,96x160x160,-0.4263028780110677,1.418626963879086,-24.729427337646484,19.339576721191406,24.729427337646484,44.06900405883789,3.37304685760249,1.492623579751586,0.0,2,26.236829142060763,0.9988128380999008,1.4046095377604166,10.446809445042163,0.42244445463314934,83.5744755603373,32.77430414130875
basewide_seed2,Base-Wide,1414845,csp2.relu2,96x160x160,0.3266982845052083,0.6598216260101687,0.0,19.339576721191406,19.339576721191406,19.339576721191406,16.136326734712654,1.8478382614752407,0.0,2,24.379691035091128,0.9981809571512773,2.240302652994792,7.561604521237314,0.3909912109375,60.49283616989851,23.72268085094059
basewide_seed2,Base-Wide,1414845,csp2.conv3,96x160x160,-1.6627688932291667,6.725774751949358,-104.10795593261719,97.32833099365234,104.10795593261719,201.43628692626953,2.684900485408881,1.4606660094643191,0.0,0,27.60019254069711,0.999132430876517,1.1254971516927084,47.73153036739677,0.4584811020426769,95.46306073479354,37.43649440580139
basewide_seed2,Base-Wide,1414845,csp2.bn3,96x160x160,-0.5072766361490886,1.3860771130696872,-26.624826431274414,22.52161407470703,26.624826431274414,49.146440505981445,4.66109982778433,1.9395186136417686,0.0,2,26.219810856925886,0.9988084190138317,1.5014720052083332,11.16457531019114,0.41932950582832174,89.31660248152912,35.0261186202075
basewide_seed2,Base-Wide,1414845,csp2.relu3,96x160x160,0.3319759454345703,0.8738888581873676,0.0,29.620128631591797,29.620128631591797,29.620128631591797,28.12821348340859,1.9584418047679384,0.0,2,28.056970607451383,0.9992187448648022,2.4444140625,11.805385740008205,0.3985595703125,94.44308592006564,37.03650428237868
basewide_seed2,Base-Wide,1414845,down2,192x80x80,-14.113165065104166,36.16572124971089,-622.0425415039062,584.984130859375,622.0425415039062,1207.0266723632812,9.607874050291215,1.988015099019161,0.0,-3,24.5120980679242,0.9982355218942905,1.8771261393229166,354.39370822161436,0.569725837986579,88.59842705540359,34.744481198197484
basewide_seed2,Base-Wide,1414845,bn_down2,192x80x80,-1.2519289208984374,0.8340076433423681,-16.438495635986328,10.79381275177002,16.438495635986328,27.232308387756348,5.2484778783565655,2.4913432729337552,0.0,2,26.335682480582726,0.998839622212037,1.67684130859375,7.9915601363172755,0.48614911688284623,63.932481090538204,25.071561211975766
basewide_seed2,Base-Wide,1414845,csp3.conv1,192x80x80,-12.669146373697917,30.83371374802507,-293.8033142089844,327.1274719238281,327.1274719238281,620.9307861328125,3.0357078325430313,1.4949667793881642,0.0,-2,29.209276350341536,0.9994006603971658,1.40516650390625,195.77089814841747,0.5984544709653822,97.88544907420874,38.386450617336756
basewide_seed2,Base-Wide,1414845,csp3.bn1,192x80x80,-0.3562076593017578,1.3040568604115903,-25.429046630859375,23.392061233520508,25.429046630859375,48.82110786437988,4.13791035070128,2.33053747894959,0.0,2,25.48573781540393,0.9985895289765386,1.4804671223958332,9.929307001875713,0.39047106822424166,79.43445601500571,31.15076706470812
basewide_seed2,Base-Wide,1414845,csp3.relu1,192x80x80,0.30546800618489584,0.6354300156957996,0.0,23.392061233520508,23.392061233520508,23.392061233520508,24.606391003588527,3.3398065205894576,1.5625,2,24.000817901510942,0.9980168433752442,1.99264013671875,8.626393675105646,0.3687744140625,69.01114940084517,27.063195843468694
basewide_seed2,Base-Wide,1414845,csp3.conv2,192x80x80,-22.709344244791666,77.21776041799936,-1028.68505859375,774.3797607421875,1028.68505859375,1803.0648193359375,1.9288273533018652,1.619972200297602,0.0,-4,24.825225529823417,0.9983581350694596,0.9771691080729167,491.8594855517149,0.4781438997705525,61.48243569396436,24.1107590956723
basewide_seed2,Base-Wide,1414845,csp3.bn2,192x80x80,-0.3485643904622396,1.4754861567987725,-24.33519172668457,24.106243133544922,24.33519172668457,48.44143486022949,4.781851905990755,2.846374634725687,0.0,2,26.453971040403673,0.9988706932263991,1.5726188151041667,11.079328949330375,0.45528011752549374,88.634631594643,34.75867905672274
basewide_seed2,Base-Wide,1414845,csp3.relu2,192x80x80,0.3912310439046224,0.9262750144782907,0.0,24.106243133544922,24.106243133544922,24.106243133544922,20.155701333532413,3.028965018088307,1.0416666666666665,2,27.786827632309578,0.9991687713172056,2.4991803385416667,10.767180618364364,0.4466552734375,86.13744494691491,33.77939017526075
basewide_seed2,Base-Wide,1414845,csp3.conv3,192x80x80,-19.1624093359375,21.238556421250525,-356.5203552246094,119.1418228149414,356.5203552246094,475.6621780395508,4.9749434136937145,1.9857807747940102,0.0,-2,27.878118942789097,0.9991859724284783,1.6085011393229167,190.16633421834558,0.5333954469403015,95.08316710917279,37.287516513401094
basewide_seed2,Base-Wide,1414845,csp3.bn3,192x80x80,-1.2672559440104167,1.264861320899349,-24.93115997314453,11.000466346740723,24.93115997314453,35.931626319885254,5.9160585162651405,2.82886970636556,0.0,2,27.875495111005108,0.99918545209939,1.5744654947916668,12.434919325518422,0.49877018714384447,99.47935460414737,39.01151160946956
basewide_seed2,Base-Wide,1414845,csp3.relu3,192x80x80,0.00010578530550003052,0.017264314191573163,0.0,10.655403137207031,10.655403137207031,10.655403137207031,72794.28961414346,5.222406850406767,9.895833333333332,3,34.27811758397017,0.9998133328839148,0.008005208333333333,0.0013007083907723427,0.0001220703125,0.020811334252357483,0.00816130754994411
basewide_seed2,Base-Wide,1414845,down3,384x40x40,0.03441976534525553,1.4919308259178405,-173.59963989257812,243.72586059570312,243.72586059570312,417.32550048828125,1952.9317894297108,1.9851927723196563,0.0,-1,9.515260449647002,0.9447077433388368,0.18681380208333334,72.09871079772711,0.29581887872508433,72.09871079772711,28.27400423440279
basewide_seed2,Base-Wide,1414845,bn_down3,384x40x40,-0.03639372464497884,3.5207027120519867,-199.77957153320312,221.0506591796875,221.0506591796875,420.8302307128906,11.137843810588826,1266.3963065832029,0.0,-1,17.26504951532245,0.9906352028938418,3.9263235677083332,27.844787877053022,0.12596564054766546,27.844787877053022,10.919524657667852
basewide_seed2,Base-Wide,1414845,PRE-HEAD,384x40x40,-0.03639372464497884,3.5207027120519867,-199.77957153320312,221.0506591796875,221.0506591796875,420.8302307128906,11.137843810588826,1266.3963065832029,0.0,-1,17.26504951532245,0.9906352028938418,3.9263235677083332,27.844787877053022,0.12596564054766546,27.844787877053022,10.919524657667852
basewide_seed2,Base-Wide,1414845,head,15x40x40,-22.972484708333333,158.08093868540485,-2419.739501953125,2424.943115234375,2424.943115234375,4844.6826171875,9.591002699008735,64.59944247479618,0.0,-5,29.5338560274065,0.9995130186244027,6.679891666666666,961.2481106519699,0.39640027207774875,60.07800691574812,23.560002712058086
basewide_seed2,Base-Wide,1414845,bn_head,15x40x40,-5.310363083333334,10.652585590198457,-43.55949020385742,53.812068939208984,53.812068939208984,97.3715591430664,0.3373138976304215,526296.2886597938,0.0,1,42.033015389886934,0.9999790706065479,0.0013333333333333333,27.762761431746185,0.5159207214855376,111.05104572698474,43.54942969685676
plus_seed3,Plus(csp4),1354637,conv1,16x320x320,-0.05461329238891602,1.276743815291948,-7.541323184967041,7.145264625549316,7.541323184967041,14.686587810516357,4.420566119719862,1.1945991869475208,0.0,4,37.062603589435454,0.9999016825553466,2.52085693359375,5.779004359559622,0.7663117224679555,184.9281395059079,72.52083902192466
plus_seed3,Plus(csp4),1354637,bn1,16x320x320,0.29637417877197264,1.1288786831474233,-13.763096809387207,17.532011032104492,17.532011032104492,31.2951078414917,4.25114189168879,2.8649136797133488,0.0,2,24.277996125070377,0.9981403546510043,0.8695367431640625,9.887783640646376,0.5639845664333623,79.102269125171,31.020497696145494
plus_seed3,Plus(csp4),1354637,relu1,16x320x320,0.5772232009887696,0.8263754490738913,0.0,17.532011032104492,17.532011032104492,17.532011032104492,10.87740200963374,2.7909697394695567,6.25,2,25.344946898752273,0.9985460790947264,1.6954549560546874,9.718366955174133,0.5543212890625,77.74693564139307,30.488994369173753
plus_seed3,Plus(csp4),1354637,csp1.conv1,32x320x320,-0.10826450248718261,2.440967095231151,-34.319583892822266,27.7244873046875,34.319583892822266,62.044071197509766,3.843861070144661,1.457058752052164,0.0,1,24.629406105730943,0.9982836928010609,1.09661669921875,19.770430966746062,0.5760684928024704,79.08172386698425,31.012440732150687
plus_seed3,Plus(csp4),1354637,csp1.bn1,32x320x320,0.0906110856628418,1.2325505894761042,-19.152292251586914,23.64890480041504,23.64890480041504,42.80119705200195,9.458194391098047,1.9038231147703328,0.0,2,24.643536476707872,0.9982871197283759,1.3996495361328125,12.588097407948226,0.5322909248519324,100.7047792635858,39.492070299445416
plus_seed3,Plus(csp4),1354637,csp1.relu1,32x320x320,0.4873737677001953,0.7871700509405545,0.0,23.64890480041504,23.64890480041504,23.64890480041504,29.91021670342888,3.4408387331586017,0.0,2,24.700705593701045,0.9983078702933048,1.5677339477539063,11.896623130189255,0.5030517578125,95.17298504151404,37.32273923196629
plus_seed3,Plus(csp4),1354637,csp1.conv2,32x320x320,-5.600691103515625,23.345273252320286,-290.10595703125,345.5964660644531,345.5964660644531,635.7024230957031,6.123019336192581,1.3269041264308885,0.0,-2,26.366279979249864,0.9988483522551836,1.6592327270507812,195.129303175956,0.5646160257309019,97.564651587978,38.26064768156
plus_seed3,Plus(csp4),1354637,csp1.bn2,32x320x320,0.018219406914711,1.2859371787623979,-24.557336807250977,22.947887420654297,24.557336807250977,47.50522422790527,9.905342026234967,1.8539743890976388,0.0,2,25.009443723797418,0.9984260485927217,1.8510463256835938,12.570850176503882,0.5118979421576415,100.56680141203105,39.437961338051394
plus_seed3,Plus(csp4),1354637,csp1.relu2,32x320x320,0.44195725677490233,0.7785251474771483,0.0,22.947887420654297,22.947887420654297,22.947887420654297,21.283854017783014,2.0771292932620247,0.0,2,24.797400599628144,0.9983465284699572,1.94755126953125,10.104129629675299,0.4403076171875,80.83303703740239,31.699230210746038
plus_seed3,Plus(csp4),1354637,csp1.conv3,32x320x320,-1.6192922827148437,3.836427429661876,-83.28785705566406,77.6448974609375,83.28785705566406,160.93275451660156,9.987668452807378,1.6314319555362664,0.0,0,23.22211912653117,0.9976276160541582,1.733467041015625,39.06671076454222,0.4690565004984176,78.13342152908444,30.640557462386056
plus_seed3,Plus(csp4),1354637,csp1.bn3,32x320x320,-0.08072287414550781,1.2896486547873287,-31.9656982421875,19.78618812561035,31.9656982421875,51.75188636779785,9.259301824190823,1.7854200395374318,0.0,1,18.95967818920997,0.9937074832047338,1.6865072021484375,12.57769296108745,0.39347468232330796,50.3107718443498,19.72971444876463
plus_seed3,Plus(csp4),1354637,csp1.shortcut_conv.0,32x320x320,-0.8478384399414063,2.557114498773148,-37.391357421875,28.32866668701172,37.391357421875,65.72002410888672,4.6182230997293505,1.4449619295514091,0.0,1,25.40413159796525,0.9985626799484717,1.3171542358398438,22.15939196292311,0.5926340601360259,88.63756785169244,34.75983053007547
plus_seed3,Plus(csp4),1354637,csp1.shortcut_conv.1,32x320x320,-0.08225760128021241,1.265925928930851,-25.774808883666992,20.35011863708496,25.774808883666992,46.12492752075195,14.127666140245019,1.6862707241472517,0.0,2,24.943480610492514,0.9984003253145457,1.4860662231445312,14.519470734987408,0.5633202092989377,116.15576587989926,45.5512807372154
plus_seed3,Plus(csp4),1354637,csp1.relu3,32x320x320,0.6200541293334961,1.0424578738196895,0.0,23.76918601989746,23.76918601989746,23.76918601989746,15.640369898661582,1.927722057413696,0.0,2,27.692385714947257,0.9991503906314785,1.7294949340820311,13.106129547348246,0.5513916015625,104.84903637878597,41.11726916815136
plus_seed3,Plus(csp4),1354637,down1,64x160x160,-2.7758510302734374,20.384575490618634,-260.6572570800781,251.88917541503906,260.6572570800781,512.5464324951172,3.6238081795938646,1.3356218565369335,0.0,-2,24.98535894611543,0.9984182565958718,1.4537078857421875,146.8396807666868,0.5633439191818675,73.4198403833434,28.792094267977802
plus_seed3,Plus(csp4),1354637,bn_down1,64x160x160,-0.3079638214111328,1.2862796158043877,-23.24452781677246,19.495935440063477,23.24452781677246,42.74046325683594,5.624198292019505,1.707120889049871,0.0,2,25.260033059293896,0.9985138117951093,1.7138204345703125,10.811602531000972,0.46512463562282763,86.49282024800777,33.918753038434424
plus_seed3,Plus(csp4),1354637,csp2.conv1,64x160x160,-0.36918125885009767,11.86445127371,-140.9591064453125,173.11264038085938,173.11264038085938,314.0717468261719,4.986323763327435,1.2160131526567195,0.0,-1,26.24918865756376,0.9988164251318652,1.778511962890625,90.87583655491471,0.524952056389307,90.87583655491471,35.637582962711654
plus_seed3,Plus(csp4),1354637,csp2.bn1,64x160x160,-0.19174766143798827,1.2057162040885958,-17.874614715576172,15.982131004333496,17.874614715576172,33.85674571990967,4.847502018012474,1.7585815462872478,0.0,2,24.57660105831102,0.9982614488071105,1.743268798828125,9.150055363192223,0.5119022428617018,73.20044290553778,28.706056041387367
plus_seed3,Plus(csp4),1354637,csp2.relu1,64x160x160,0.32838243713378906,0.6893162512465243,0.0,15.982131004333496,15.982131004333496,15.982131004333496,18.552366608326864,1.6931955348523295,0.0,2,24.458605960389313,0.9982135927160581,2.363572509765625,8.028133432962932,0.5023193359375,64.22506746370345,25.186300966158218
plus_seed3,Plus(csp4),1354637,csp2.conv2,64x160x160,-5.2330632421875,26.416492227456434,-321.8531188964844,265.1415100097656,321.8531188964844,586.99462890625,3.4261269196083406,1.383040656855363,0.0,-2,27.352999639135035,0.9990815239732845,1.6403646240234375,172.16662234067917,0.5349229578106156,86.08331117033958,33.75816124327042
plus_seed3,Plus(csp4),1354637,csp2.bn2,64x160x160,-0.20199381927490234,1.261743942144836,-20.36707305908203,18.290706634521484,20.36707305908203,38.657779693603516,5.10996311794322,1.6367607659483425,0.0,2,24.974211201556344,0.9984142668392919,1.679618896484375,10.0466916882433,0.4932810747572443,80.3735335059464,31.51903274742996
plus_seed3,Plus(csp4),1354637,csp2.relu2,64x160x160,0.34453443084716795,0.6533683679701985,0.0,18.290706634521484,18.290706634521484,18.290706634521484,14.871923992485517,2.130908129344213,1.5625,2,23.90451208578011,0.9979731821628613,2.2059263916015626,7.441763331647962,0.4068603515625,59.5341066531837,23.346708491444588
plus_seed3,Plus(csp4),1354637,csp2.conv3,64x160x160,-2.115728582763672,4.75519466215783,-66.5292739868164,51.540836334228516,66.5292739868164,118.07011032104492,2.8977808498065425,1.2712469524822034,0.0,0,25.086657991600802,0.998453782580361,1.24887451171875,34.287716761697084,0.5153778886643438,68.57543352339417,26.89232687191928
plus_seed3,Plus(csp4),1354637,csp2.bn3,64x160x160,-0.30928279724121094,1.2093393873804468,-22.17639923095703,17.362550735473633,22.17639923095703,39.538949966430664,5.4938766715406135,1.6875700565103138,0.0,2,24.762933541637207,0.9983338880429656,1.5361171875,10.433446927694604,0.4704752479893168,83.46757542155683,32.73238251825758
plus_seed3,Plus(csp4),1354637,csp2.relu3,64x160x160,0.4016406967163086,0.8193100461919425,0.0,20.98923110961914,20.98923110961914,20.98923110961914,15.440131149437402,1.7478860230612778,0.0,2,26.373720083055424,0.9988499285782609,2.2886231689453127,9.195599420461804,0.4381103515625,73.56479536369443,28.84893935831154
plus_seed3,Plus(csp4),1354637,down2,128x80x80,-5.1405860791015625,19.980407530274434,-233.2378387451172,212.17205810546875,233.2378387451172,445.40989685058594,1.944342281200254,1.5634885696891925,0.0,-1,31.06232602796412,0.9996086936483136,1.029700439453125,131.074118508026,0.5619762179809258,131.074118508026,51.40161510118667
plus_seed3,Plus(csp4),1354637,bn_down2,128x80x80,-0.3728560144042969,1.5414039332354244,-22.76934242248535,19.633983612060547,22.76934242248535,42.4033260345459,3.1228367678467404,1.7562078133333878,0.0,2,26.829526357874226,0.9989639855748967,1.32012646484375,11.045278278412297,0.4850943023942923,88.36222622729838,34.651853422469955
plus_seed3,Plus(csp4),1354637,csp3.conv1,128x80x80,0.3637228162384033,24.499596446175346,-236.44876098632812,332.13226318359375,332.13226318359375,568.5810241699219,3.480553783318739,1.3154351998363525,0.0,-2,26.534130692835628,0.998891276195391,1.378585693359375,178.39606096968055,0.5371235521045061,89.19803048484027,34.979619797976575
plus_seed3,Plus(csp4),1354637,csp3.bn1,128x80x80,0.04530452711105347,1.2390353391249935,-18.2491512298584,18.87645149230957,18.87645149230957,37.12560272216797,3.891993714419095,2.154178481463763,0.0,2,24.71881964143509,0.998317278427474,1.460736328125,9.226070783101022,0.4887608662496658,73.80856626480818,28.944535790120852
plus_seed3,Plus(csp4),1354637,csp3.relu1,128x80x80,0.46434646881103514,0.7459468034894451,0.0,18.87645149230957,18.87645149230957,18.87645149230957,10.731748921166218,2.6201104731910307,0.78125,2,24.625441383577964,0.9982809022125824,1.851711181640625,8.200841169571504,0.4344482421875,65.60672935657203,25.728129159440012
plus_seed3,Plus(csp4),1354637,csp3.conv2,128x80x80,-29.960587109375,76.17446799985906,-805.7067260742188,754.2364501953125,805.7067260742188,1559.9431762695312,1.1378043866788232,1.3362726405326812,0.0,-3,30.991712605401496,0.9996023352670742,0.819200439453125,412.864590741694,0.5124253991937786,103.2161476854235,40.47692066095039
plus_seed3,Plus(csp4),1354637,csp3.bn2,128x80x80,-0.09093909759521485,1.2636777941172244,-17.868175506591797,16.207612991333008,17.868175506591797,34.075788497924805,2.3642704096419314,1.8036407977245956,0.0,2,24.877387536138688,0.9983771097030472,1.149254638671875,8.4881824569311,0.47504472148259913,67.9054596554488,26.629592021744624
plus_seed3,Plus(csp4),1354637,csp3.relu2,128x80x80,0.4290511724853516,0.732969361514667,0.0,16.207612991333008,16.207612991333008,16.207612991333008,8.83650798034763,2.1341603126048954,0.78125,2,24.807283070032106,0.9983509204338128,2.054653076171875,7.23525887564756,0.4464111328125,57.88207100518048,22.69885137458058
plus_seed3,Plus(csp4),1354637,csp3.conv3,128x80x80,-3.7772487573242186,13.302779072210537,-195.8732147216797,168.2843017578125,195.8732147216797,364.1575164794922,1.8176290352742095,1.5099135720170362,0.0,-1,27.582314664554197,0.9991288230051427,0.9322080078125,88.34183870069683,0.45101541232283127,88.34183870069683,34.643858313998756
plus_seed3,Plus(csp4),1354637,csp3.bn3,128x80x80,-0.36569145660400393,0.9593208588766463,-16.84662437438965,13.914518356323242,16.84662437438965,30.76114273071289,3.2608140306804962,2.206447017926014,0.0,2,23.036680822347382,0.9975237271127949,1.2479345703125,7.65057474700734,0.4541310221552631,61.20459797605872,24.001803127866165
plus_seed3,Plus(csp4),1354637,csp3.relu3,128x80x80,0.3879964907836914,0.8440928159152732,0.0,19.43729591369629,19.43729591369629,19.43729591369629,15.287992440856883,1.7999792637683985,0.0,2,27.05985481923171,0.9990173914924508,2.4429638671875,9.678311771480367,0.4979248046875,77.42649417184293,30.363331047781543
plus_seed3,Plus(csp4),1354637,down3,256x40x40,-4.676351943359375,48.72452016184294,-479.59686279296875,327.56683349609375,479.59686279296875,807.1636962890625,2.0201505684273107,1.7511998480505024,0.0,-2,32.546607088107464,0.999721951180687,1.0410517578125,304.3107036501169,0.6345135409726003,152.15535182505846,59.66876542159155
plus_seed3,Plus(csp4),1354637,bn_down3,256x40x40,-1.3602470324707032,0.8855231768776344,-29.09377670288086,17.45119285583496,29.09377670288086,46.54496955871582,5.029580793719834,4.489299287235763,0.0,2,27.04572393012547,0.9990143425943313,1.3338544921875,8.599672064417973,0.2955845902112267,68.79737651534379,26.979363339350503
plus_seed3,Plus(csp4),1354637,csp4.conv1,256x40x40,-12.635777802734374,55.66373504643688,-294.2588806152344,308.18853759765625,308.18853759765625,602.4474182128906,-0.2040007541859512,1.4347267302033588,0.0,-2,33.88306064560292,0.9997955727105966,0.16222021484375,211.67239982262254,0.6868276201075438,105.83619991131127,41.50439212208285
plus_seed3,Plus(csp4),1354637,csp4.bn1,256x40x40,-0.28869776779174805,1.2979103412413966,-18.145544052124023,19.08014678955078,19.08014678955078,37.225690841674805,1.6353718304024358,2.2225109022642227,0.0,2,25.299241171861052,0.9985274012389402,0.9604462890625,7.816687206039205,0.4096764711642577,62.53349764831364,24.522940254240645
plus_seed3,Plus(csp4),1354637,csp4.relu1,256x40x40,0.36663381286621094,0.7149225853369741,0.0,19.08014678955078,19.08014678955078,19.08014678955078,11.032968232276694,2.402232383720159,0.390625,2,25.06821472480858,0.9984471715562004,2.4115361328125,7.110801775939763,0.3726806640625,56.8864142075181,22.30839772843847
plus_seed3,Plus(csp4),1354637,csp4.conv2,256x40x40,-19.2142805078125,127.26684656487366,-1534.0460205078125,1438.363525390625,1534.0460205078125,2972.4095458984375,3.5794574865268,1.689709290302266,0.0,-4,28.901457256895114,0.9993567186225254,1.63472998046875,850.0870368629694,0.5541470239475388,106.26087960787117,41.67093317955732
plus_seed3,Plus(csp4),1354637,csp4.bn2,256x40x40,-0.27700754653930665,1.408267089937729,-38.84021759033203,34.31535720825195,38.84021759033203,73.15557479858398,6.111428343363086,4.53465489656804,0.0,1,19.946327610706387,0.9949758877527215,1.58938037109375,12.987508967053145,0.3343830125783319,51.95003586821258,20.37256308557356
plus_seed3,Plus(csp4),1354637,csp4.relu2,256x40x40,0.3955258306884766,0.9049116084803462,0.0,34.31535720825195,34.31535720825195,34.31535720825195,20.78317863470448,4.733444115454053,8.59375,1,21.566145961913783,0.9965307637292139,2.67206689453125,10.96231565112248,0.3194580078125,43.84926260448992,17.195789256662714
plus_seed3,Plus(csp4),1354637,csp4.conv3,256x40x40,-17.522076279296876,23.426952687823096,-542.281982421875,202.94985961914062,542.281982421875,745.2318420410156,7.695231561503297,2.358200831669882,0.0,-3,22.05593486263206,0.9968998165310881,1.39794921875,245.26269967481494,0.45227890216719346,61.315674918703735,24.045362713217152
plus_seed3,Plus(csp4),1354637,csp4.bn3,256x40x40,-1.3821646337890625,1.1846226292518471,-42.64398193359375,16.553001403808594,42.64398193359375,59.196983337402344,20.336423427354053,3.4515107898916444,0.0,1,22.036385273772936,0.9968850412877881,1.30360888671875,17.82200466748327,0.41792543424383144,71.28801866993308,27.956085752914934
plus_seed3,Plus(csp4),1354637,csp4.relu3,256x40x40,0.00718737967967987,0.11431803431645021,0.0,21.82960319519043,21.82960319519043,21.82960319519043,2300.6501845142175,7.64499435267324,25.0,2,25.79297207988841,0.9986854815958257,0.5144248046875,2.816637033363804,0.1290283203125,22.533096266910434,8.836508339964876
plus_seed3,Plus(csp4),1354637,PRE-HEAD,256x40x40,0.00718737967967987,0.11431803431645021,0.0,21.82960319519043,21.82960319519043,21.82960319519043,2300.6501845142175,7.64499435267324,25.0,2,25.79297207988841,0.9986854815958257,0.5144248046875,2.816637033363804,0.1290283203125,22.533096266910434,8.836508339964876
plus_seed3,Plus(csp4),1354637,head,15x40x40,0.16011475846354167,3.9552924912331697,-69.56565856933594,155.55982971191406,155.55982971191406,225.12548828125,53.76110316178307,24.70654532706557,0.0,-1,20.75139459763578,0.9960074938001097,0.023725,43.21124655008316,0.27777895251047374,43.21124655008316,16.94558688238555
plus_seed3,Plus(csp4),1354637,bn_head,15x40x40,-4.91530278125,10.033319527220424,-27.735254287719727,16.913633346557617,27.735254287719727,44.648887634277344,0.8239195045574497,1154140376.2801602,0.0,2,55.87695139829585,0.9999987035953548,0.0,27.729803984053433,0.9998034882388402,221.83843187242746,86.99546347938332
basewide_seed3,Base-Wide,1414845,conv1,24x320x320,-0.05867792032877604,1.2118993541418923,-9.872178077697754,10.346721649169922,10.346721649169922,20.218899726867676,2.128363378903365,1.260507799572259,0.0,3,30.57437548858392,0.9995626386370644,1.495544677734375,6.883275786531158,0.6652615214678532,110.13241258449852,43.189181405685694
basewide_seed3,Base-Wide,1414845,bn1,24x320x320,0.09763084442138673,1.2619776413137835,-16.76966094970703,20.42610740661621,20.42610740661621,37.19576835632324,6.825705627398337,2.7333996080285123,0.0,2,24.926456709480004,0.9983955811150745,1.2276109212239583,11.740132691571489,0.5747611357300877,93.92106153257191,36.831788836302714
basewide_seed3,Base-Wide,1414845,relu1,24x320x320,0.4974355725097656,0.8483430002030714,0.0,20.42610740661621,20.42610740661621,20.42610740661621,21.445132623015603,3.0735443864829244,0.0,2,25.777621779419093,0.9986814361016676,1.6522066243489584,11.497165680164471,0.5628662109375,91.97732544131577,36.06953938875128
basewide_seed3,Base-Wide,1414845,csp1.conv1,48x320x320,-0.25175859008789064,4.156214438484993,-58.10910415649414,58.55177688598633,58.55177688598633,116.66088104248047,6.1051303297845685,1.4669284653365566,0.0,1,29.2114563006103,0.999400660367527,1.4833498942057293,35.666762745939195,0.609149109435065,142.66705098375678,55.94786313088501
basewide_seed3,Base-Wide,1414845,csp1.bn1,48x320x320,0.10460157435099283,1.4325347473307448,-27.787158966064453,31.896787643432617,31.896787643432617,59.68394660949707,15.06455461011726,2.033248686314981,0.0,1,19.889511108085486,0.9949213330898212,1.8476269938151042,16.15199505793862,0.5063831266802892,64.60798023175448,25.33646283598215
basewide_seed3,Base-Wide,1414845,csp1.relu1,48x320x320,0.511746534016927,0.9246304388583196,0.0,31.896787643432617,31.896787643432617,31.896787643432617,36.73757530272195,3.052621481648606,0.0,1,19.650628809467484,0.9946388557347506,1.76697119140625,14.605084283510223,0.4578857421875,58.42033713404089,22.909936130996428
basewide_seed3,Base-Wide,1414845,csp1.conv2,48x320x320,-18.895283515625,37.36173498198592,-688.7614135742188,450.64752197265625,688.7614135742188,1139.408935546875,7.839057863390925,1.3625324032837103,0.0,-3,25.110982074511853,0.9984615314946432,1.910429484049479,343.68407359719276,0.49898857111303385,85.92101839929819,33.69451701933262
basewide_seed3,Base-Wide,1414845,csp1.bn2,48x320x320,-0.1580366092936198,1.445001998103815,-29.091064453125,22.630428314208984,29.091064453125,51.721492767333984,10.484550581508547,1.6995949496959861,0.0,2,26.078780546488822,0.9987692588759959,1.9400599365234374,14.512826318386942,0.4988757404106592,116.10261054709554,45.530435508664915
basewide_seed3,Base-Wide,1414845,csp1.relu2,48x320x320,0.4004403084309896,0.7220949224604748,0.0,22.630428314208984,22.630428314208984,22.630428314208984,22.259629567454382,1.9998557188026886,0.0,2,24.480098937443696,0.9982236372120533,1.931248819986979,9.583124489989132,0.4234619140625,76.66499591991305,30.064704282318843
basewide_seed3,Base-Wide,1414845,csp1.conv3,48x320x320,-1.694760302734375,4.446018591769384,-76.69839477539062,80.57556915283203,80.57556915283203,157.27396392822266,5.457150591355353,1.4111889474968213,0.0,0,24.31780393947058,0.9981555223951284,1.594317423502604,36.47757514286786,0.4527125967137617,72.95515028573573,28.609862857151267
basewide_seed3,Base-Wide,1414845,csp1.bn3,48x320x320,-0.36725598876953125,1.6935793363171427,-49.72590255737305,33.0605583190918,49.72590255737305,82.78646087646484,8.879871026561466,1.8293881849798643,0.0,1,21.56868697948517,0.9965320666039724,1.7899675699869793,16.79120089765638,0.3376751357762271,67.16480359062552,26.3391386629904
basewide_seed3,Base-Wide,1414845,csp1.shortcut_conv.0,48x320x320,-1.2430261344401041,4.400932759552103,-61.228172302246094,53.86021423339844,61.228172302246094,115.08838653564453,5.729866852379045,1.2785735826728353,0.0,1,30.00502929325971,0.999500862753179,1.4031064453125,37.21864439826459,0.6078679633705032,148.87457759305835,58.38218729139543
basewide_seed3,Base-Wide,1414845,csp1.shortcut_conv.1,48x320x320,-0.3574634690348307,1.1533918302864252,-23.01488494873047,21.25562286376953,23.01488494873047,44.2705078125,14.959701657303647,2.288317772314311,0.0,2,24.434353623118767,0.9982074771774521,1.8505428466796876,12.568731188774109,0.5461131444616418,100.54984951019287,39.43131353340897
basewide_seed3,Base-Wide,1414845,csp1.relu3,48x320x320,0.4488854862467448,1.0643168904437712,0.0,36.81123733520508,36.81123733520508,36.81123733520508,28.087428579420507,1.8775613802185127,0.0,1,22.890554748030244,0.9974393005191668,2.264347696940104,14.536664157640189,0.3948974609375,58.146656630560756,22.80261044335716
basewide_seed3,Base-Wide,1414845,down1,96x160x160,-7.2795910546875,29.924117766051413,-567.7335815429688,539.6013793945312,567.7335815429688,1107.3349609375,6.489641855173527,1.3257268624719851,0.0,-3,22.484099947604435,0.9971893581971947,1.8336896158854166,255.6197601556778,0.45024597534104344,63.90494003891945,25.060760799576254
basewide_seed3,Base-Wide,1414845,bn_down1,96x160x160,-0.4870490836588542,1.448638666474669,-24.14223861694336,25.666770935058594,25.666770935058594,49.80900955200195,6.306067701031962,1.748428262169714,0.0,2,26.481128843647497,0.9988777855540566,1.817115478515625,12.218963747378439,0.47606158867021287,97.75170997902751,38.33400391334412
basewide_seed3,Base-Wide,1414845,csp2.conv1,96x160x160,-2.523379422200521,21.382661093939678,-313.8072509765625,324.41693115234375,324.41693115234375,638.2241821289062,7.034188495606541,1.2088223835380751,0.0,-2,25.385310345213625,0.9985561390722923,2.057618408203125,173.5086986348033,0.5348324392888265,86.75434931740165,34.02131345780457
basewide_seed3,Base-Wide,1414845,csp2.bn1,96x160x160,-0.1920208711751302,1.5438466410816125,-32.46782302856445,28.699966430664062,32.46782302856445,61.167789459228516,7.6332076198451695,1.9089793262365053,0.0,1,20.596972616324962,0.9956656160716305,1.8618250325520833,13.763561237137765,0.4239138923798154,55.05424494855106,21.589899979823944
basewide_seed3,Base-Wide,1414845,csp2.relu1,96x160x160,0.4345728967285156,0.8140800245338308,0.0,28.699966430664062,28.699966430664062,28.699966430664062,24.492140116412084,2.609582201967352,1.0416666666666665,2,25.705141544340407,0.9986588547217867,1.8329630533854167,11.074291246011853,0.3858642578125,88.59432996809483,34.742874497292085
basewide_seed3,Base-Wide,1414845,csp2.conv2,96x160x160,-15.466795846354167,48.651770929541044,-637.8134765625,538.7133178710938,637.8134765625,1176.5267944335938,1.7069008921932038,1.345689994145209,0.0,-3,26.875585387082683,0.9989746657673159,0.942750244140625,303.0376028046012,0.4751194729183591,75.7594007011503,29.70956890241188
basewide_seed3,Base-Wide,1414845,csp2.bn2,96x160x160,-0.5019854516601563,1.4041068996869976,-23.1956844329834,18.561904907226562,23.1956844329834,41.75758934020996,3.7004807439276135,1.7676238353772733,0.0,2,26.305034673011978,0.9988310841810853,1.410318115234375,10.620492428308353,0.4578650161840626,84.96393942646682,33.31919193194777
basewide_seed3,Base-Wide,1414845,csp2.relu2,96x160x160,0.30569408732096354,0.6698297442550996,0.0,18.561904907226562,18.561904907226562,18.561904907226562,19.972082607024635,1.8023848236273967,0.0,2,24.937758581786625,0.9983995590626308,2.2374339192708335,8.367811867967248,0.4508056640625,66.94249494373798,26.251958801465875
basewide_seed3,Base-Wide,1414845,csp2.conv3,96x160x160,-1.4418890568033855,7.084794917341455,-137.84413146972656,102.47464752197266,137.84413146972656,240.31877899169922,5.599290165565906,1.3938438474802215,0.0,-1,21.96670231014757,0.9968364980302814,1.6217611490885417,58.676315364427865,0.42567147936446176,58.676315364427865,23.010319750756025
basewide_seed3,Base-Wide,1414845,csp2.bn3,96x160x160,-0.49662161702473956,1.4342005942348974,-32.35753631591797,24.445749282836914,32.35753631591797,56.80328559875488,6.4370562245475735,1.675972145935798,0.0,1,20.435057948599148,0.9955068851360137,1.644668701171875,12.720364035340026,0.39311905304367595,50.881456141360104,19.95351221229808
basewide_seed3,Base-Wide,1414845,csp2.relu3,96x160x160,0.35943072082519534,0.9074742635598184,0.0,34.44965744018555,34.44965744018555,34.44965744018555,30.0768962352153,2.272936482637871,0.0,1,22.09696183173437,0.9969286908462424,2.4297003580729166,12.83031065063551,0.3724365234375,51.32124260254204,20.12597749119296
basewide_seed3,Base-Wide,1414845,down2,192x80x80,-20.6402570703125,36.30447804892322,-650.2105712890625,808.7127075195312,808.7127075195312,1458.9232788085938,5.148739781191265,2.1684963730773594,0.0,-3,25.13509920828448,0.9984708292940161,1.46140869140625,314.86480297893286,0.3893407387460009,78.71620074473321,30.869098331267928
basewide_seed3,Base-Wide,1414845,bn_down2,192x80x80,-1.1990692928059896,0.778049663141993,-19.68274688720703,8.502955436706543,19.68274688720703,28.185702323913574,4.399653760095824,2.495184268508497,0.0,2,25.919190354185666,0.9987226385255012,1.5162672526041667,7.169148333487101,0.36423515348595725,57.35318666789681,22.491445752116395
basewide_seed3,Base-Wide,1414845,csp3.conv1,192x80x80,-13.7646205078125,27.4758017888937,-331.1273498535156,332.4227600097656,332.4227600097656,663.5501098632812,1.9894777487405877,1.492107997543093,0.0,-2,28.492070480689307,0.9992932193171401,1.13453369140625,174.0687972381711,0.5236368208754943,87.03439861908555,34.131136713366885
basewide_seed3,Base-Wide,1414845,csp3.bn1,192x80x80,-0.501479248046875,1.3281171853847378,-27.70551109313965,24.162721633911133,27.70551109313965,51.86823272705078,4.415423176403412,2.2206168459215254,0.0,2,25.87382416642277,0.9987097276054242,1.5773873697916667,10.451979088597,0.37725270807890227,83.615832708776,32.790522630892546
basewide_seed3,Base-Wide,1414845,csp3.relu1,192x80x80,0.25655571756998696,0.6072762227941099,0.0,24.162721633911133,24.162721633911133,24.162721633911133,26.080404146718323,3.230237886042174,0.5208333333333333,2,24.01453865758326,0.9980222734133375,2.36392333984375,7.907746179262176,0.3272705078125,63.26196943409741,24.808615464351924
basewide_seed3,Base-Wide,1414845,csp3.conv2,192x80x80,-16.565078645833335,58.133293124141495,-742.2193603515625,789.1326293945312,789.1326293945312,1531.3519897460938,2.9532548450741256,1.4797741189313358,0.0,-3,28.358194445542104,0.9992710429011055,1.3311212565104167,386.29284205287695,0.48951573875390686,96.57321051321924,37.87184726008598
basewide_seed3,Base-Wide,1414845,csp3.bn2,192x80x80,-0.45783735026041666,1.580948041644949,-29.569366455078125,24.747142791748047,29.569366455078125,54.31650924682617,5.306525653320131,2.4678701673681704,0.0,2,27.160113146624248,0.9990398581828062,1.66128955078125,12.195732634980232,0.41244484062612663,97.56586107984185,38.26112199209484
basewide_seed3,Base-Wide,1414845,csp3.relu2,192x80x80,0.3879370593261719,0.9786657355070366,0.0,24.747142791748047,24.747142791748047,24.747142791748047,23.006086064187937,2.6416415822326775,0.5208333333333333,2,28.553825828574215,0.9993031066243461,2.5361904296875,11.790539345238358,0.4764404296875,94.32431476190686,36.98992735761053
basewide_seed3,Base-Wide,1414845,csp3.conv3,192x80x80,-18.662690338541665,21.532603616246,-328.2875061035156,95.30890655517578,328.2875061035156,423.5964126586914,3.9825795296339024,1.7195480631608748,0.0,-2,27.85356229819125,0.9991814481231077,1.5643133138020833,175.90241966489702,0.5358181971428162,87.95120983244851,34.49067052252883
basewide_seed3,Base-Wide,1414845,csp3.bn3,192x80x80,-1.2168587573242187,1.3335910164283344,-26.800058364868164,9.73064136505127,26.800058364868164,36.530699729919434,3.249419947526686,2.67857816656082,0.0,2,27.969765946587998,0.9992029720034448,1.43906103515625,10.59937085036654,0.39549805101399005,84.79496680293232,33.25292815801267
basewide_seed3,Base-Wide,1414845,csp3.relu3,192x80x80,9.914609392484029e-05,0.016906277928896554,0.0,12.612424850463867,12.612424850463867,12.612424850463867,81293.21387283514,4.571391536361252,6.770833333333333,3,34.274442643989985,0.9998132646041135,0.007753580729166667,0.00153960264287889,0.0001220703125,0.02463364228606224,0.009660251876887153
basewide_seed3,Base-Wide,1414845,down3,384x40x40,-0.03036014523824056,1.3205942499645553,-221.87046813964844,280.8585205078125,280.8585205078125,502.72898864746094,1967.096415129138,2.4799082489562387,0.0,-2,9.634095391775686,0.9440428365382891,0.18132096354166666,57.6620688829571,0.20530646098505367,28.83103444147855,11.306288016266098
basewide_seed3,Base-Wide,1414845,bn_down3,384x40x40,0.04470331596374512,3.9381894649672895,-262.5086975097656,275.83721923828125,275.83721923828125,538.3459167480469,12.666719606067636,554.9416904988733,0.0,-2,14.17794518637657,0.9810163010628902,0.5530625,33.279262851923704,0.12064819585922341,16.639631425961852,6.525345657239942
basewide_seed3,Base-Wide,1414845,PRE-HEAD,384x40x40,0.04470331596374512,3.9381894649672895,-262.5086975097656,275.83721923828125,275.83721923828125,538.3459167480469,12.666719606067636,554.9416904988733,0.0,-2,14.17794518637657,0.9810163010628902,0.5530625,33.279262851923704,0.12064819585922341,16.639631425961852,6.525345657239942
basewide_seed3,Base-Wide,1414845,head,15x40x40,46.96656420833333,189.48646890951827,-3490.963134765625,2947.746826171875,3490.963134765625,6438.7099609375,3.4497783521095293,61.02129091651814,0.0,-5,31.52024484027924,0.9996488334844135,0.019566666666666666,1512.663211464882,0.433308274269828,94.54145071655512,37.075078712374555
basewide_seed3,Base-Wide,1414845,bn_head,15x40x40,-5.554892916666667,11.116685069496505,-51.22550582885742,64.27908325195312,64.27908325195312,115.50458908081055,0.2570435978265073,1164570.6153846155,0.0,0,42.08915874929669,0.9999995100595106,0.004641666666666666,30.879665735643357,0.4803999088568998,61.759331471286714,24.2193456750144
plus_seed4,Plus(csp4),1354637,conv1,16x320x320,0.16654224548339844,1.3406255003643486,-8.033939361572266,7.911901950836182,8.033939361572266,15.945841312408447,4.493790282847641,1.1459929045404027,0.0,3,31.433820549400735,0.9996406654585831,2.4231510009765627,6.535716671554837,0.8135133186113293,104.5714667448774,41.00841833132447
plus_seed4,Plus(csp4),1354637,bn1,16x320x320,0.31485407104492186,1.2191976030546054,-17.466588973999023,21.252849578857422,21.252849578857422,38.719438552856445,6.28923270602896,3.3306580507659436,0.0,2,24.88951433777364,0.9983796380463218,1.05274169921875,11.68169930181466,0.5496533186512433,93.45359441451728,36.64846839784992
plus_seed4,Plus(csp4),1354637,relu1,16x320x320,0.6288575173950195,0.8583113905528033,0.0,21.252849578857422,21.252849578857422,21.252849578857422,17.92632295361489,3.562568396097281,6.25,2,25.7039659991865,0.9986559885054499,1.1785452880859375,11.5629822476767,0.5440673828125,92.5038579814136,36.27602273780926
plus_seed4,Plus(csp4),1354637,csp1.conv1,32x320x320,-0.8071828125,3.1769946765430244,-37.84895324707031,42.893672943115234,42.893672943115234,80.74262619018555,3.3061557777164463,1.4344462268533993,0.0,1,27.157641650527648,0.999039444401956,1.1438456420898437,24.276858976576477,0.5659776211930366,97.10743590630591,38.08134741423761
plus_seed4,Plus(csp4),1354637,csp1.bn1,32x320x320,0.22286183181762695,1.2686485508867058,-23.430025100708008,23.119842529296875,23.430025100708008,46.54986763000488,6.693613840940511,1.9775834589038779,0.0,2,25.005042892567737,0.9984245827243411,1.50757080078125,11.491393278120086,0.49045586715025924,91.93114622496068,36.05142989214144
plus_seed4,Plus(csp4),1354637,csp1.relu1,32x320x320,0.5677492633056641,0.8477601412959757,0.0,23.119842529296875,23.119842529296875,23.119842529296875,14.661324022913107,2.6069155398452084,0.0,2,25.428158311383335,0.9985719170312112,1.6401298217773437,10.394333500415087,0.4495849609375,83.1546680033207,32.60967372679243
plus_seed4,Plus(csp4),1354637,csp1.conv2,32x320x320,-4.136315297851563,25.97036910368736,-339.4088134765625,327.5440368652344,339.4088134765625,666.9528503417969,4.487604696660172,1.1658502795433787,0.0,-2,27.126255143504917,0.99903256342037,1.450286865234375,203.3641097508371,0.599171564426332,101.68205487541854,39.875315637419035
plus_seed4,Plus(csp4),1354637,csp1.bn2,32x320x320,-0.008457861061096191,1.2744670187460434,-27.83143424987793,23.894033432006836,27.83143424987793,51.725467681884766,7.525616957733691,1.706617577179872,0.0,2,24.95513933492311,0.9984080972793729,1.6665156860351562,11.825079199392349,0.42488213482724896,94.60063359513879,37.09828768436815
plus_seed4,Plus(csp4),1354637,csp1.relu2,32x320x320,0.4519814434814453,0.7604534792535179,0.0,23.894033432006836,23.894033432006836,23.894033432006836,15.771269623444837,2.0275965108265437,0.0,2,24.950881502530272,0.9984058069845638,1.96522900390625,9.004013818921521,0.3768310546875,72.03211055137217,28.247886490734185
plus_seed4,Plus(csp4),1354637,csp1.conv3,32x320x320,-1.5831575122070312,4.368926756364765,-74.46212005615234,56.08065414428711,74.46212005615234,130.54277420043945,5.248065955025892,1.2451540044559404,0.0,0,24.101573903099695,0.9980615568967143,1.63001904296875,36.20123127987608,0.48616976326454997,72.40246255975217,28.39312257245183
plus_seed4,Plus(csp4),1354637,csp1.bn3,32x320x320,-0.2079125454711914,1.458829084489371,-31.480125427246094,25.336030960083008,31.480125427246094,56.8161563873291,7.044286271776514,1.5926571816486936,0.0,2,26.180178810963042,0.9987972976768892,1.741486328125,12.982970997923985,0.4124180199957909,103.86376798339188,40.730889405251716
plus_seed4,Plus(csp4),1354637,csp1.shortcut_conv.0,32x320x320,-0.47796042602539063,3.407776722516988,-49.551673889160156,48.80888748168945,49.551673889160156,98.36056137084961,3.7392704715109764,1.4109778001794984,0.0,1,27.562503169079527,0.9991248554392829,1.0935000610351562,27.494990388397127,0.5548751077491226,109.97996155358851,43.12939668768177
plus_seed4,Plus(csp4),1354637,csp1.shortcut_conv.1,32x320x320,-0.2113876754760742,1.135932304373686,-18.3856258392334,18.586824417114258,18.586824417114258,36.972450256347656,9.802940369042158,1.4828034865816515,0.0,2,23.998769237746707,0.9980161152840199,1.6842916870117188,11.234758808277547,0.6044474599939126,89.87807046622038,35.246302143615836
plus_seed4,Plus(csp4),1354637,csp1.relu3,32x320x320,0.5223797589111329,1.0531378437317067,0.0,26.33910369873047,26.33910369873047,26.33910369873047,18.432463467717668,1.6080790587551395,0.0,2,28.40607630312846,0.9992787613865304,2.20486083984375,13.28851508628577,0.5045166015625,106.30812069028616,41.68945909422987
plus_seed4,Plus(csp4),1354637,down1,64x160x160,-2.8822320678710938,23.704006561274312,-401.05853271484375,358.4423522949219,401.05853271484375,759.5008850097656,6.804659636907298,1.345961827844929,0.0,-2,26.3060206103142,0.9988311976325824,1.84513134765625,203.67359812185168,0.5078400819529888,101.83679906092584,39.935999631735626
plus_seed4,Plus(csp4),1354637,bn_down1,64x160x160,-0.3668650177001953,1.4050870600038203,-30.758684158325195,29.809585571289062,30.758684158325195,60.56826972961426,7.302640463317308,1.8146536391820771,0.0,2,26.064850270446218,0.9987652519858468,1.8627110595703125,12.530771318590268,0.407389706727707,100.24617054872215,39.31222374459692
plus_seed4,Plus(csp4),1354637,csp2.conv1,64x160x160,-0.39080685943603516,15.661688142322582,-253.28842163085938,299.3643493652344,299.3643493652344,552.6527709960938,6.859583726282281,1.4082438165312654,0.0,-2,22.668938156175443,0.9973063101553906,1.92604833984375,130.84399055689573,0.43707272036344497,65.42199527844787,25.655684422920732
plus_seed4,Plus(csp4),1354637,csp2.bn1,64x160x160,0.08205018516540527,1.3484758553080205,-24.269886016845703,25.070600509643555,25.070600509643555,49.34048652648926,5.871016247030386,1.9879675960526337,0.0,2,25.41862074743825,0.9985672614969335,1.5781661376953124,11.495084756752476,0.4585085527700393,91.96067805401981,36.0630110015764
plus_seed4,Plus(csp4),1354637,csp2.relu1,64x160x160,0.518871771850586,0.8460034430116529,0.0,25.070600509643555,25.070600509643555,25.070600509643555,15.221436313233681,2.768638186782286,0.0,2,25.69848744010286,0.9986568187752753,1.659826416015625,10.402218155795708,0.4149169921875,83.21774524636567,32.63440990053556
plus_seed4,Plus(csp4),1354637,csp2.conv2,64x160x160,-10.107030483398438,41.50648158490014,-486.5744323730469,463.15313720703125,486.5744323730469,949.7275695800781,1.3863356724384488,1.4071930370644719,0.0,-2,31.358852056025043,0.999634580692158,0.875773193359375,243.22992937639356,0.49988226506302336,121.61496468819678,47.69214301497913
plus_seed4,Plus(csp4),1354637,csp2.bn2,64x160x160,-0.08563807518005372,1.3302497863570184,-22.05611801147461,20.0435733795166,22.05611801147461,42.09969139099121,4.103043613101475,1.8222172564203714,0.0,2,25.311199653711345,0.9985322402924284,1.490929443359375,10.066545255715027,0.4564060298588331,80.53236204572022,31.581318449302046
plus_seed4,Plus(csp4),1354637,csp2.relu2,64x160x160,0.4361615472412109,0.7632946797667998,0.0,20.0435733795166,20.0435733795166,20.0435733795166,12.278642240768097,2.027558192953078,3.125,2,25.037037354834602,0.9984355281830168,2.0763189697265627,8.365353684639558,0.4173583984375,66.92282947711647,26.244246853771163
plus_seed4,Plus(csp4),1354637,csp2.conv3,64x160x160,-3.445599248046875,7.570028695762739,-126.04508972167969,106.22587585449219,126.04508972167969,232.27096557617188,3.985471112293366,1.4605069218904971,0.0,0,29.18712044973079,0.9993976659517231,1.540895263671875,57.68506799265742,0.45765422611885864,115.37013598531485,45.24319058247641
plus_seed4,Plus(csp4),1354637,csp2.bn3,64x160x160,-0.35894451934814453,1.2145371162450989,-26.14212417602539,17.576465606689453,26.14212417602539,43.718589782714844,5.101268001533247,1.7016921148587056,0.0,2,24.921533970136124,0.9983942785738944,1.61839013671875,9.998479877598584,0.3824662376429251,79.98783902078867,31.36778000815242
plus_seed4,Plus(csp4),1354637,csp2.relu3,64x160x160,0.3778375933837891,0.8975077407061786,0.0,29.669687271118164,29.669687271118164,29.669687271118164,22.32899506255284,2.0331732678903163,0.0,2,27.58722190442102,0.9991294090566119,2.49638916015625,11.238408154575154,0.3787841796875,89.90726523660123,35.257751073176955
plus_seed4,Plus(csp4),1354637,down2,128x80x80,-3.8745874267578126,22.928283197775848,-371.6711120605469,276.4120178222656,371.6711120605469,648.0831298828125,3.3719396632346434,1.49983053990082,0.0,-2,26.095124153490097,0.9987735064296406,1.395841552734375,164.952213332057,0.44381230604003885,82.4761066660285,32.3435712415798
plus_seed4,Plus(csp4),1354637,bn_down2,128x80x80,-0.4177544314575195,1.5561329327007658,-22.2860164642334,21.198471069335938,22.2860164642334,43.484487533569336,3.357724476779981,1.6349405110316002,0.0,2,26.987272046160417,0.9990008959081428,1.47213232421875,10.921235237503424,0.490048782609077,87.3698819000274,34.26269878432447
plus_seed4,Plus(csp4),1354637,csp3.conv1,128x80x80,-2.453420705566406,24.884201576331478,-325.0006408691406,319.25732421875,325.0006408691406,644.2579650878906,3.0115465848776832,1.426366911317147,0.0,-2,26.705593378398824,0.9989341040376852,1.39258544921875,166.92240254208446,0.5136063796541702,83.46120127104223,32.72988285138911
plus_seed4,Plus(csp4),1354637,csp3.bn1,128x80x80,0.01710220854997635,1.3108971997529535,-21.870563507080078,25.259668350219727,25.259668350219727,47.130231857299805,6.214333259453957,2.537359755904103,0.0,2,25.177638013862133,0.9984855985796282,1.860175048828125,10.859403416281566,0.42991076785800725,86.87522733025253,34.06871660009903
plus_seed4,Plus(csp4),1354637,csp3.relu1,128x80x80,0.44090380065917967,0.8099853055035462,0.0,25.259668350219727,25.259668350219727,25.259668350219727,21.042001463543574,3.139087159039274,5.46875,2,25.017520740712268,0.9984281822945267,2.149818115234375,10.326492835069075,0.4088134765625,82.6119426805526,32.39684026688337
plus_seed4,Plus(csp4),1354637,csp3.conv2,128x80x80,-22.3452978515625,67.30542102182378,-654.6589965820312,671.5145874023438,671.5145874023438,1326.173583984375,1.036008386812064,1.4089336939508592,0.0,-3,29.738066956032863,0.999469381381174,0.797591796875,348.87494471669197,0.5195344245108119,87.21873617917299,34.20342595261686
plus_seed4,Plus(csp4),1354637,csp3.bn2,128x80x80,-0.27950753646850585,1.3191473649504608,-20.880603790283203,20.422433853149414,20.880603790283203,41.30303764343262,3.36230233949634,2.056627686935761,0.0,2,25.472469320881416,0.9985849327690646,1.4128984375,9.480925065698102,0.4540541624620096,75.84740052558482,29.744078637484243
plus_seed4,Plus(csp4),1354637,csp3.relu2,128x80x80,0.3529913442993164,0.7203706772263665,0.0,20.422433853149414,20.422433853149414,20.422433853149414,15.072057157232003,2.5309033070730647,0.78125,2,25.147892101143032,0.9984754697959193,2.3484677734375,7.9899780882988125,0.3912353515625,63.9198247063905,25.066597924074706
plus_seed4,Plus(csp4),1354637,csp3.conv3,128x80x80,-3.6631203173828126,12.41388421321575,-234.0037841796875,156.5564422607422,234.0037841796875,390.5602264404297,3.5001050593174012,1.6294939968401059,0.0,-1,27.007892327049202,0.9990056183373519,1.459605712890625,91.31008816696703,0.39020774166990213,91.31008816696703,35.80787771253609
plus_seed4,Plus(csp4),1354637,csp3.bn3,128x80x80,-0.42414427734375,1.0309228511218957,-19.47865867614746,16.551551818847656,19.47865867614746,36.03021049499512,3.6061313987230603,2.1496598852000672,0.0,2,23.782070858983914,0.9979130874833847,1.3779892578125,7.924537219805643,0.40683177171278295,63.396297758445144,24.86129323860594
plus_seed4,Plus(csp4),1354637,csp3.relu3,128x80x80,0.37489487487792966,0.8759583035804561,0.0,23.616748809814453,23.616748809814453,23.616748809814453,19.068428798146332,1.95528543870354,0.0,2,27.62130327848279,0.9991363813049245,2.441446533203125,10.45629247231409,0.4427490234375,83.65033977851272,32.80405481510303
plus_seed4,Plus(csp4),1354637,down3,256x40x40,-5.465906923828125,54.73844628321166,-630.0399169921875,590.8404541015625,630.0399169921875,1220.88037109375,2.148284068989655,1.8297343222007716,0.0,-3,27.538980144615856,0.9991198847990722,1.1498876953125,347.025778234005,0.5507996697903002,86.75644455850124,34.02213512098088
plus_seed4,Plus(csp4),1354637,bn_down3,256x40x40,-1.4060787353515625,0.9332599963844619,-22.770849227905273,15.73786735534668,22.770849227905273,38.50871658325195,5.063039166413311,3.658810630061414,0.0,2,27.434512315942996,0.999098631183428,1.696650390625,9.068101566750556,0.3982329106829164,72.54481253400445,28.44894609176645
plus_seed4,Plus(csp4),1354637,csp4.conv1,256x40x40,-20.69444435546875,58.745906562231276,-401.79364013671875,373.9395751953125,401.79364013671875,775.7332153320312,0.3397967195576048,1.4191862907028578,0.0,-2,34.63572398104255,0.9998280970278141,0.5088564453125,263.6350999549031,0.6561455275031126,131.81754997745156,51.69315685390257
plus_seed4,Plus(csp4),1354637,csp4.bn1,256x40x40,-0.36845444458007814,1.2466448909510761,-23.019472122192383,21.532869338989258,23.019472122192383,44.55234146118164,3.002339177446311,2.572257716122919,0.0,2,25.10810803782536,0.9984610970668513,1.334560546875,8.460558780934662,0.36753921792924565,67.6844702474773,26.542929508814623
plus_seed4,Plus(csp4),1354637,csp4.relu1,256x40x40,0.30331049377441405,0.6639933791553361,0.0,21.532869338989258,21.532869338989258,21.532869338989258,18.50787639940535,3.204118566371985,2.734375,2,24.74697593022274,0.9983281247251318,2.42555810546875,7.867172599071637,0.3653564453125,62.937380792573094,24.681325801009056
plus_seed4,Plus(csp4),1354637,csp4.conv2,256x40x40,-16.254879716796875,118.57060029953658,-1887.72265625,1412.593994140625,1887.72265625,3300.316650390625,4.114467702728654,1.7800317974339765,0.0,-4,28.271981908932474,0.9992564788915466,1.6392265625,876.3731125891209,0.46424887135171333,109.54663907364011,42.959466303388275
plus_seed4,Plus(csp4),1354637,csp4.bn2,256x40x40,-0.19504503707885743,1.6315361023096648,-38.830291748046875,35.00365447998047,38.830291748046875,73.83394622802734,6.220914529122718,4.0619039823589045,0.0,1,21.101385076632617,0.9961424917345969,1.7744140625,14.589361486025155,0.37572114010085916,58.35744594410062,22.885272919255144
plus_seed4,Plus(csp4),1354637,csp4.relu2,256x40x40,0.491788049621582,1.089251935569535,0.0,35.00365447998047,35.00365447998047,35.00365447998047,18.611708100688833,4.478308159621022,7.421875,1,22.817192357347583,0.9973958223000693,2.6878125,13.122097522951663,0.3748779296875,52.48839009180665,20.583682388943785
plus_seed4,Plus(csp4),1354637,csp4.conv3,256x40x40,-24.49869546875,32.5303484123587,-624.18896484375,209.79855346679688,624.18896484375,833.9875183105469,3.5697697769945904,2.2916034311283773,0.0,-3,24.93790008155007,0.9983996772244257,1.13134228515625,294.23858070746064,0.47139343577007303,73.55964517686516,28.846919677202024
plus_seed4,Plus(csp4),1354637,csp4.bn3,256x40x40,-1.4452221655273438,1.2988943170850948,-46.82600784301758,11.625701904296875,46.82600784301758,58.45170974731445,12.41997111859065,3.75965706753124,0.0,1,22.559486516059806,0.9972391138405718,1.46186083984375,16.579816727433354,0.3540728217322425,66.31926690973341,26.007555650875847
plus_seed4,Plus(csp4),1354637,csp4.relu3,256x40x40,0.017980173301696777,0.2773956120988457,0.0,14.45943832397461,14.45943832397461,14.45943832397461,253.89480008098747,6.0151833408943896,30.859375,3,41.77786812272434,0.9999732421877294,0.40386376953125,4.425025864038616,0.3060302734375,70.80041382461786,27.76486816651681
plus_seed4,Plus(csp4),1354637,PRE-HEAD,256x40x40,0.017980173301696777,0.2773956120988457,0.0,14.45943832397461,14.45943832397461,14.45943832397461,253.89480008098747,6.0151833408943896,30.859375,3,41.77786812272434,0.9999732421877294,0.40386376953125,4.425025864038616,0.3060302734375,70.80041382461786,27.76486816651681
plus_seed4,Plus(csp4),1354637,head,15x40x40,0.55184579296875,5.295585745453411,-72.98541259765625,122.90777587890625,122.90777587890625,195.8931884765625,11.973869954183247,26.04178559439051,0.0,0,26.795158661326226,0.9989540257205773,0.019825,46.131402507424355,0.3753334740421541,92.26280501484871,36.18149216268577
plus_seed4,Plus(csp4),1354637,bn_head,15x40x40,-5.010442138020833,10.167671582760654,-27.756332397460938,17.405851364135742,27.756332397460938,45.16218376159668,0.6739883660405526,327657.07936507935,0.0,2,54.8776136128196,0.9999985453886113,0.0,27.750819435575977,0.9998013800308334,222.00655548460782,87.06139430768934
basewide_seed4,Base-Wide,1414845,conv1,24x320x320,-0.05360954261779785,1.3234603948286077,-9.435532569885254,9.184591293334961,9.435532569885254,18.620123863220215,3.9844838114538605,1.3552466428861416,0.0,3,31.291255988453806,0.9996288970222683,1.60134716796875,7.02300220716279,0.7443143410450013,112.36803531460464,44.06589620180574
basewide_seed4,Base-Wide,1414845,bn1,24x320x320,0.19175838968912762,1.2310486613340572,-21.217920303344727,19.641387939453125,21.217920303344727,40.85930824279785,7.4497659502758715,3.0466439057718295,0.0,2,24.703595105816014,0.9983163100788881,1.3674085286458333,11.237099073594436,0.529604170104412,89.89679258875549,35.253644152453134
basewide_seed4,Base-Wide,1414845,relu1,24x320x320,0.5291745642089843,0.8716296707162264,0.0,19.641387939453125,19.641387939453125,19.641387939453125,18.77731744525421,2.831549547505869,4.166666666666666,2,25.596441654147565,0.9986279344695603,1.4885887858072917,11.012316260486841,0.5606689453125,88.09853008389473,34.5484431701548
basewide_seed4,Base-Wide,1414845,csp1.conv1,48x320x320,-1.0352272729492187,3.833489722390743,-53.40239715576172,52.945064544677734,53.40239715576172,106.34746170043945,5.505198140769096,1.388235297299834,0.0,1,28.79435136459663,0.9993406088318213,1.4690055338541668,32.238985270727426,0.6036992155369767,128.9559410829097,50.57095728741557
basewide_seed4,Base-Wide,1414845,csp1.bn1,48x320x320,-0.03828596506754557,1.3985872470973808,-29.505271911621094,25.161733627319336,29.505271911621094,54.66700553894043,9.635396693305088,2.144474049670602,0.0,2,25.72976449656581,0.9986652958614176,1.711398193359375,13.589645909378305,0.46058365264635365,108.71716727502644,42.63418324510841
basewide_seed4,Base-Wide,1414845,csp1.relu1,48x320x320,0.453430205078125,0.8220719084273672,0.0,25.161733627319336,25.161733627319336,25.161733627319336,21.380256979648347,2.5296811463417836,0.0,2,25.330412949776665,0.9985367787022864,1.9641114095052083,10.956042950274423,0.4354248046875,87.64834360219538,34.37189945184133
basewide_seed4,Base-Wide,1414845,csp1.conv2,48x320x320,-14.840764869791666,32.39962266621158,-564.6624755859375,449.411376953125,564.6624755859375,1014.0738525390625,7.104441264887127,1.3081957802320117,0.0,-3,23.733800108117855,0.9978901078487238,1.8661668294270832,290.96651758253574,0.515292816793973,72.74162939563394,28.526129174758406
basewide_seed4,Base-Wide,1414845,csp1.bn2,48x320x320,-0.20581257049560547,1.4211134067104714,-30.961719512939453,27.477399826049805,30.961719512939453,58.43911933898926,9.758817255326793,1.9826196343155322,0.0,2,25.942345990605574,0.9987296260811972,1.9877489420572916,13.619739640736952,0.4398896396902317,108.95791712589562,42.728594951331615
basewide_seed4,Base-Wide,1414845,csp1.relu2,48x320x320,0.363557880859375,0.654031918327747,0.0,27.477399826049805,27.477399826049805,27.477399826049805,24.92803667295505,2.433331751208172,0.0,2,23.451393494273162,0.9977495884317731,1.9306022135416667,8.932167448336259,0.3250732421875,71.45733958669007,28.022486112427476
basewide_seed4,Base-Wide,1414845,csp1.conv3,48x320x320,-1.5422534887695312,4.099021851603121,-79.84671783447266,60.39712142944336,79.84671783447266,140.24383926391602,4.59861404243996,1.39443248815778,0.0,0,23.612283070940485,0.9978303896068679,1.5319512125651042,32.47675894247368,0.40673880934968515,64.95351788494736,25.47196779801857
basewide_seed4,Base-Wide,1414845,csp1.bn3,48x320x320,-0.36321468221028647,1.595835970545625,-33.56314468383789,30.725048065185547,33.56314468383789,64.28819274902344,6.771886230193941,1.9102162010092902,0.0,1,21.08505872661157,0.9961271042009332,1.7486709798177082,14.28139546699822,0.4255082651380796,57.12558186799288,22.402188967840345
basewide_seed4,Base-Wide,1414845,csp1.shortcut_conv.0,48x320x320,-1.6656532535807291,4.412591762417253,-72.25579071044922,46.34305953979492,72.25579071044922,118.59885025024414,5.320316291355056,1.6752856371590803,0.0,0,24.28723065986715,0.9981415439101102,1.283014892578125,39.37761823507026,0.5449752587009707,78.75523647014052,30.884406458878633
basewide_seed4,Base-Wide,1414845,csp1.shortcut_conv.1,48x320x320,-0.3679357242838542,1.1576514028006846,-21.53558349609375,19.04685401916504,21.53558349609375,40.58243751525879,12.34347252721606,1.9529080590501713,0.0,2,24.519078437417086,0.9982399488932989,2.01870556640625,12.34607890737243,0.5732874110242628,98.76863125897944,38.7327965721488
basewide_seed4,Base-Wide,1414845,csp1.relu3,48x320x320,0.42047213541666667,0.9686663453825006,0.0,35.145748138427734,35.145748138427734,35.145748138427734,25.7860456584853,1.9545235941989139,0.0,1,21.951340181352236,0.9968234361441242,2.2836763916015625,12.677696014288813,0.3607177734375,50.71078405715525,19.886581983198138
basewide_seed4,Base-Wide,1414845,down1,96x160x160,-4.9653154296875,24.86666538293867,-429.5687561035156,379.4880676269531,429.5687561035156,809.0568237304688,5.301480678839301,1.377508305960421,0.0,-2,26.85117797967703,0.9989692096094842,1.8101000162760417,193.42924614995718,0.45028704579097795,96.71462307497859,37.92730316665827
basewide_seed4,Base-Wide,1414845,bn_down1,96x160x160,-0.5131287870279948,1.4076249737317035,-23.330720901489258,24.002214431762695,24.002214431762695,47.33293533325195,5.112416037225081,1.575416858270282,0.0,2,26.337882611766382,0.9988398086631566,1.7560423990885417,11.225923596415669,0.467703662440418,89.80738877132535,35.218583831892296
basewide_seed4,Base-Wide,1414845,csp2.conv1,96x160x160,-3.37522416015625,18.034862708386893,-287.0618896484375,308.09173583984375,308.09173583984375,595.1536254882812,7.201018219638668,1.2712500557121846,0.0,-2,24.002478040049716,0.9980161645170478,1.9465526529947916,154.76516699045897,0.5023346912197314,77.38258349522948,30.3461111745998
basewide_seed4,Base-Wide,1414845,csp2.bn1,96x160x160,-0.30992987121582033,1.467556825296731,-29.19936752319336,27.038230895996094,29.19936752319336,56.23759841918945,5.921730675054006,1.7536210371535264,0.0,2,26.353431364991646,0.9988441059236937,1.77244775390625,12.057609313633293,0.4129407701744159,96.46087450906634,37.827793925124055
basewide_seed4,Base-Wide,1414845,csp2.relu1,96x160x160,0.37297884969075523,0.7842357923019719,0.0,27.038230895996094,27.038230895996094,27.038230895996094,22.220319826991865,2.342582597906852,0.0,2,25.815245150548552,0.998691683490948,2.136366617838542,9.898395319469273,0.3660888671875,79.18716255575418,31.05378923755066
basewide_seed4,Base-Wide,1414845,csp2.conv2,96x160x160,-12.7655146875,41.893435123296925,-542.5032958984375,528.6051025390625,542.5032958984375,1071.1083984375,2.053294197930926,1.317902075913973,0.0,-3,25.561249560226464,0.9986129327327278,1.1448836263020834,258.90538132190704,0.4772420430978855,64.72634533047676,25.38288052175559
basewide_seed4,Base-Wide,1414845,csp2.bn2,96x160x160,-0.44246303466796877,1.4253735557738143,-27.99466323852539,19.20029067993164,27.99466323852539,47.19495391845703,4.444969104099258,1.7983126896149086,0.0,2,26.30309025714393,0.9988305933260833,1.5758197428385416,11.143437626771629,0.39805578412661075,89.14750101417303,34.95980431928354
basewide_seed4,Base-Wide,1414845,csp2.relu2,96x160x160,0.31499063008626305,0.6733377267753566,0.0,19.20029067993164,19.20029067993164,19.20029067993164,20.251020204826148,1.8667775132509636,0.0,2,24.688325447919222,0.9983052748879383,2.271237386067708,8.383720674086362,0.4366455078125,67.0697653926909,26.30186878144741
basewide_seed4,Base-Wide,1414845,csp2.conv3,96x160x160,-1.5547171630859375,6.771205864963986,-111.13823699951172,93.55570983886719,111.13823699951172,204.6939468383789,3.9972838682517935,1.4489753949377344,0.0,0,27.63461455715226,0.9991391166738781,1.3473611653645834,54.192740802653134,0.4876156241608478,108.38548160530627,42.50411043345344
basewide_seed4,Base-Wide,1414845,csp2.bn3,96x160x160,-0.5010595133463541,1.328181649094492,-28.017480850219727,21.63227653503418,28.017480850219727,49.649757385253906,5.6715165858454135,2.2912649150056588,0.0,2,25.875306728590175,0.9987099150896421,1.60562109375,11.33504291716963,0.4045703815330969,90.68034333735704,35.56091895582629
basewide_seed4,Base-Wide,1414845,csp2.relu3,96x160x160,0.3326489668782552,0.8894049163707816,0.0,27.842546463012695,27.842546463012695,27.842546463012695,32.47600045664593,1.88562973162982,0.0,2,28.171295324731666,0.9992390161152438,2.404352620442708,12.83707250864245,0.4610595703125,102.6965800691396,40.27316865456455
basewide_seed4,Base-Wide,1414845,down2,192x80x80,-18.6778305078125,33.51295191198116,-653.4108276367188,556.7744750976562,653.4108276367188,1210.185302734375,8.724946404469025,2.193318203376163,0.0,-3,24.414479285700423,0.9981955635492045,1.6894933268229166,345.98948791623116,0.5295129393059175,86.49737197905779,33.920538031003055
basewide_seed4,Base-Wide,1414845,bn_down2,192x80x80,-1.1506165869140625,0.7918253631897816,-17.805578231811523,9.2651948928833,17.805578231811523,27.070773124694824,5.734370333564964,2.373194899805298,0.0,2,25.767240525735335,0.9986771578467505,1.6457272135416667,7.796133432653733,0.43784780989168476,62.36906746122986,24.45845782793328
basewide_seed4,Base-Wide,1414845,csp3.conv1,192x80x80,-11.776349739583333,29.128457064830645,-390.424560546875,326.33056640625,390.424560546875,716.755126953125,2.485939404994122,1.7423679612423726,0.0,-2,28.700453404841127,0.9993263090894214,1.2399026692708333,193.299401730299,0.4951005168822907,96.6497008651495,37.901843476529216
basewide_seed4,Base-Wide,1414845,csp3.bn1,192x80x80,-0.4440794677734375,1.2678548734034971,-23.9033203125,24.05755043029785,24.05755043029785,47.96087074279785,5.925900497623866,2.7494958512305265,0.0,2,25.363495690430703,0.9985494066506906,1.6419949544270833,11.194997571175918,0.465342371560699,89.55998056940734,35.12156100761072
basewide_seed4,Base-Wide,1414845,csp3.relu1,192x80x80,0.25068444173177085,0.599132408935873,0.0,24.05755043029785,24.05755043029785,24.05755043029785,41.562232173601366,3.5027468731883933,1.0416666666666665,2,23.809488191620424,0.9979264064164787,2.132770345052083,9.641227790853009,0.4007568359375,77.12982232682407,30.246989147774144
basewide_seed4,Base-Wide,1414845,csp3.conv2,192x80x80,-12.0786930078125,58.66505943537733,-927.2999267578125,1069.268798828125,1069.268798828125,1996.5687255859375,4.696643504698686,1.615293163222239,0.0,-4,22.262056910952964,0.9970429190717421,1.3784737955729167,488.4798250645399,0.45683538657435235,61.05997813306749,23.945089463948033
basewide_seed4,Base-Wide,1414845,csp3.bn2,192x80x80,-0.34350604817708336,1.5595476548776934,-27.796781539916992,29.807010650634766,29.807010650634766,57.60379219055176,7.716683368953175,2.3920947410008924,0.0,2,26.86721377506796,0.9989729187094962,1.7063375651041666,13.82392719737254,0.46378106679000863,110.59141757898033,43.36918336430601
basewide_seed4,Base-Wide,1414845,csp3.relu2,192x80x80,0.4033445007324219,1.015673485633556,0.0,29.807010650634766,29.807010650634766,29.807010650634766,29.9892521386982,3.1487019414915105,1.0416666666666665,2,28.569495145370126,0.999305699419229,2.3794290364583333,13.619096785318106,0.4569091796875,108.95277428254485,42.72657815001759
basewide_seed4,Base-Wide,1414845,csp3.conv3,192x80x80,-18.642743177083332,23.52564106813343,-361.16204833984375,140.7191925048828,361.16204833984375,501.88124084472656,5.545212215589647,1.6992484446050864,0.0,-2,28.308729108022913,0.9992627286897351,1.8161588541666667,204.63048457540572,0.5665891128816889,102.31524228770286,40.123624426550144
basewide_seed4,Base-Wide,1414845,csp3.bn3,192x80x80,-1.1850446720377603,1.3307785761592723,-29.12308692932129,7.821644306182861,29.12308692932129,36.94473123550415,5.152921706304438,2.5802307261997846,0.0,2,27.849124396916388,0.999180625531277,1.6850397135416666,11.863872276211623,0.4073700121489185,94.91097820969298,37.219991454781564
basewide_seed4,Base-Wide,1414845,csp3.relu3,192x80x80,7.304664194583893e-05,0.013349348064130986,0.0,8.62635326385498,8.62635326385498,8.62635326385498,81232.59793175386,3.6782994093013683,8.333333333333332,3,33.17612512827389,0.9997594242182991,0.006288248697916667,0.0010530216386541724,0.0001220703125,0.01684834621846676,0.00660719459547716
basewide_seed4,Base-Wide,1414845,down3,384x40x40,-0.009849687576293946,1.15747439054799,-149.18670654296875,216.5257110595703,216.5257110595703,365.71241760253906,2273.6986152429145,2.236567925037881,0.0,-1,7.580102089583638,0.9093364811355876,0.16783203125,48.87471895106137,0.2257224729196941,48.87471895106137,19.166556451396616
basewide_seed4,Base-Wide,1414845,bn_down3,384x40x40,-0.00481702507019043,4.666044977125825,-200.25035095214844,247.10537719726562,247.10537719726562,447.35572814941406,7.706678605713547,607.5250965800554,0.0,-1,19.231687846320828,0.9942840250632314,0.0317744140625,35.49606975354254,0.14364750033426357,35.49606975354254,13.92002735433041
basewide_seed4,Base-Wide,1414845,PRE-HEAD,384x40x40,-0.00481702507019043,4.666044977125825,-200.25035095214844,247.10537719726562,247.10537719726562,447.35572814941406,7.706678605713547,607.5250965800554,0.0,-1,19.231687846320828,0.9942840250632314,0.0317744140625,35.49606975354254,0.14364750033426357,35.49606975354254,13.92002735433041
basewide_seed4,Base-Wide,1414845,head,15x40x40,61.986747083333334,247.7952455543895,-3264.57763671875,3265.4931640625,3265.4931640625,6530.07080078125,2.118321143396013,28.11858840941677,0.0,-5,32.35117558149549,0.9997129760007413,0.019475,1640.149613916874,0.5022670486550381,102.50935086980462,40.199745439139065
basewide_seed4,Base-Wide,1414845,bn_head,15x40x40,-5.454971135416667,10.921273567145805,-44.27883529663086,55.71924591064453,55.71924591064453,99.99808120727539,0.2707268667536944,2621389.6,0.0,1,42.273299670861675,0.9999725130698403,0.002775,27.982761271763593,0.5022099781579744,111.93104508705437,43.89452748511936
plus_seed5,Plus(csp4),1354637,conv1,16x320x320,0.1322666145324707,1.3381204189349865,-8.303815841674805,8.51998233795166,8.51998233795166,16.823798179626465,3.3036062068841794,1.2435974262359322,0.0,3,31.472112234327994,0.999643827694752,1.78785498046875,6.3410211723530665,0.7442528541529289,101.45633875764906,39.786799512803555
plus_seed5,Plus(csp4),1354637,bn1,16x320x320,0.24240768920898437,1.0549556321227527,-14.119882583618164,16.477935791015625,16.477935791015625,30.59781837463379,6.746205753060146,2.9228847848668025,0.0,2,23.488713202132516,0.9977695221895463,1.1485880126953125,9.937801516847685,0.6030974779174791,79.50241213478148,31.177416523443718
plus_seed5,Plus(csp4),1354637,relu1,16x320x320,0.5225697900390625,0.7449853147720633,0.0,16.477935791015625,16.477935791015625,16.477935791015625,18.369941045428668,2.677084732621825,6.25,2,24.576915647330356,0.9982671364643205,1.235221923828125,9.850152779370546,0.5977783203125,78.80122223496437,30.90244009214289
plus_seed5,Plus(csp4),1354637,csp1.conv1,32x320x320,-0.8103329943847656,2.6114806864519253,-32.23038101196289,31.321962356567383,32.23038101196289,63.55234336853027,3.8374147115967414,1.4275640805340513,0.0,1,25.49692576322804,0.9985914518629516,1.239064453125,20.585841534892097,0.6387092205720835,82.34336613956839,32.29151613316407
plus_seed5,Plus(csp4),1354637,csp1.bn1,32x320x320,0.13347113037109376,1.2387034013585132,-23.96247100830078,23.981460571289062,23.981460571289062,47.943931579589844,11.196732710817221,1.878212208634928,0.0,2,24.857486054298818,0.9983700860089585,1.5203698120117188,13.22307715471834,0.5513874818179002,105.78461723774672,41.484163622645774
plus_seed5,Plus(csp4),1354637,csp1.relu1,32x320x320,0.49573955963134764,0.8127638560168489,0.0,23.981460571289062,23.981460571289062,23.981460571289062,23.45225100494373,3.0853476505870763,3.125,2,25.240809187695138,0.9985070885566966,1.6108916015625,11.706770120188594,0.4881591796875,93.65416096150875,36.7271219456897
plus_seed5,Plus(csp4),1354637,csp1.conv2,32x320x320,-3.83255896484375,20.82199242762315,-316.9510803222656,293.6568603515625,316.9510803222656,610.6079406738281,4.710338443386752,1.3847060667677298,0.0,-2,25.257177296345652,0.9985132589577611,1.4926177368164062,166.6097453199327,0.5256639136567363,83.30487265996635,32.66857751371229
plus_seed5,Plus(csp4),1354637,csp1.bn2,32x320x320,0.0629522707748413,1.2998321837607456,-22.990398406982422,20.63546371459961,22.990398406982422,43.62586212158203,7.369844096156497,1.5813316698485553,0.0,2,25.103856357065006,0.9984597126436069,1.68981591796875,11.791034632362425,0.5128677817423715,94.3282770588994,36.99148119956839
plus_seed5,Plus(csp4),1354637,csp1.relu2,32x320x320,0.48809665832519533,0.7780125208350528,0.0,20.63546371459961,20.63546371459961,20.63546371459961,14.54135416262632,1.979964503508472,3.125,2,24.862684676710558,0.9983703597894495,1.7863806762695313,9.297545968089253,0.4505615234375,74.38036774471402,29.168771664593734
plus_seed5,Plus(csp4),1354637,csp1.conv3,32x320x320,-1.0744932348632812,4.130707709674493,-62.884029388427734,52.62782669067383,62.884029388427734,115.51185607910156,3.5259470849710297,1.4811979944589764,0.0,1,29.408902623487915,0.9994275597200264,1.3594485473632814,30.75784515030682,0.4891201382837444,123.03138060122728,48.24760023577541
plus_seed5,Plus(csp4),1354637,csp1.bn3,32x320x320,-0.2616862173461914,1.3997262886100417,-27.581462860107422,21.16363525390625,27.581462860107422,48.74509811401367,5.773756292137929,1.4591661826939875,0.0,2,25.916165318676928,0.9987227217600843,1.7597384643554688,11.54532523592934,0.4185900252820881,92.36260188743472,36.22062819115087
plus_seed5,Plus(csp4),1354637,csp1.shortcut_conv.0,32x320x320,-0.49524895935058594,2.7468090109573007,-34.02392578125,27.394441604614258,34.02392578125,61.41836738586426,3.0217258939433327,1.8083105326252356,0.0,1,25.68384580752798,0.9986529047124926,1.1475726318359376,20.221287309890613,0.5943255178693758,80.88514923956245,31.719666368455865
plus_seed5,Plus(csp4),1354637,csp1.shortcut_conv.1,32x320x320,-0.26004009765625,1.132822713705503,-17.354873657226562,19.26852798461914,19.26852798461914,36.6234016418457,9.133139377525785,1.3246124508043609,0.0,2,24.091544491502507,0.9980581906844154,1.6107337036132812,10.680222942959517,0.5542832826402136,85.44178354367614,33.50658178183378
plus_seed5,Plus(csp4),1354637,csp1.relu3,32x320x320,0.4780246826171875,0.9753426270860311,0.0,27.97116470336914,27.97116470336914,27.97116470336914,18.2576649805128,1.8662200956694244,0.0,2,27.683596973584997,0.9991487792676434,2.183336669921875,11.742289479356259,0.4197998046875,93.93831583485007,36.83855522935297
plus_seed5,Plus(csp4),1354637,down1,64x160x160,-4.697757624511719,20.716295100146212,-309.8771667480469,327.8992919921875,327.8992919921875,637.7764587402344,4.960413224855404,1.430572334901835,0.0,-2,25.295325590344326,0.9985256246421483,1.5677589111328125,167.5987880192697,0.511128849961844,83.79939400963485,32.86250745475876
plus_seed5,Plus(csp4),1354637,bn_down1,64x160x160,-0.32558088165283205,1.4233929400613934,-26.889572143554688,27.26913070678711,27.26913070678711,54.1587028503418,6.006372930338689,1.8796121554399428,0.0,2,26.11558737299564,0.9987793751427524,1.6511343994140626,12.255164132919163,0.449415284436219,98.0413130633533,38.44757375033463
plus_seed5,Plus(csp4),1354637,csp2.conv1,64x160x160,0.11331902938842774,14.150345348615295,-204.74464416503906,229.4381866455078,229.4381866455078,434.1828308105469,5.627611681634349,1.7190532817257524,0.0,-1,27.789654581861466,0.9991692981964236,1.710660400390625,115.86224581673741,0.5049823985740862,115.86224581673741,45.4361748300931
plus_seed5,Plus(csp4),1354637,csp2.bn1,64x160x160,-0.06328741191864014,1.2391291562211455,-21.797826766967773,23.25112533569336,23.25112533569336,45.04895210266113,5.224743035340435,2.1002548320868484,0.0,2,24.734476344640143,0.9983241208330609,1.6380048828125,10.035167032154277,0.4315991973407434,80.28133625723422,31.482876963621262
plus_seed5,Plus(csp4),1354637,csp2.relu1,64x160x160,0.39916645080566404,0.7403541592696626,0.0,23.25112533569336,23.25112533569336,23.25112533569336,17.130174560331028,2.6514588010162745,1.5625,2,24.744828970015753,0.9983276002683584,2.05864453125,9.028543663676828,0.3883056640625,72.22834930941463,28.32484286643711
plus_seed5,Plus(csp4),1354637,csp2.conv2,64x160x160,-10.83873591796875,31.354998713531053,-451.9953918457031,449.2493591308594,451.9953918457031,901.2447509765625,2.896976655335874,1.3442766304869849,0.0,-2,29.179435713594515,0.9993965315041088,1.300270751953125,216.67281831800938,0.4793695294839966,108.33640915900469,42.484866336864584
plus_seed5,Plus(csp4),1354637,csp2.bn2,64x160x160,-0.10096801712036133,1.2843857922475537,-29.944408416748047,21.07381248474121,29.944408416748047,51.01822090148926,6.064271009431794,1.965448031105991,0.0,2,25.016503968480585,0.9984279884177968,1.7393377685546876,10.781436527846381,0.36004840629331897,86.25149222277105,33.824114597165114
plus_seed5,Plus(csp4),1354637,csp2.relu2,64x160x160,0.3940770587158203,0.7192632179706735,0.0,21.07381248474121,21.07381248474121,21.07381248474121,15.323624295314744,2.049307097991173,3.125,2,24.31854079489256,0.998152898989615,2.1630574951171875,8.193370698718354,0.3887939453125,65.54696558974683,25.704692388136014
plus_seed5,Plus(csp4),1354637,csp2.conv3,64x160x160,-3.406326125488281,6.30670402715959,-124.09510803222656,78.84786987304688,124.09510803222656,202.94297790527344,3.7946691174420115,1.601292853585723,0.0,0,27.894172530284823,0.9991888994369407,1.523538818359375,47.37215849943459,0.38174074103817535,94.74431699886918,37.1546341172036
plus_seed5,Plus(csp4),1354637,csp2.bn3,64x160x160,-0.3286142349243164,1.0767172422740263,-31.054676055908203,25.19738006591797,31.054676055908203,56.25205612182617,6.51665890788577,2.1567046185253833,0.0,2,23.85924336438191,0.9979503765240123,1.66025537109375,9.623686412815005,0.30989492195923524,76.98949130252004,30.19195737353727
plus_seed5,Plus(csp4),1354637,csp2.relu3,64x160x160,0.3841905795288086,0.8523652364487869,0.0,27.81290054321289,27.81290054321289,27.81290054321289,21.3359287375029,2.0652847746332315,0.0,2,26.873819210715517,0.9989746857102247,2.339872314453125,10.806697073858231,0.3885498046875,86.45357659086585,33.903363368967
plus_seed5,Plus(csp4),1354637,down2,128x80x80,-2.86457255859375,20.55327959673472,-244.38624572753906,254.4087677001953,254.4087677001953,498.7950134277344,3.1265967573842497,1.3296053287490532,0.0,-2,25.10906861944047,0.9984616479984834,1.429177978515625,139.51299251243472,0.5483812282634928,69.75649625621736,27.35548872792838
plus_seed5,Plus(csp4),1354637,bn_down2,128x80x80,-0.34047645294189455,1.5257572246994522,-23.55111312866211,21.294897079467773,23.55111312866211,44.84601020812988,3.378447229891824,1.6698787579956205,0.0,2,26.709319461283123,0.9989349553313667,1.42833349609375,10.85605726041831,0.4609572889871733,86.84845808334649,34.05821885621431
plus_seed5,Plus(csp4),1354637,csp3.conv1,128x80x80,-0.9146621319580078,27.407424793463576,-333.6762390136719,278.8824157714844,333.6762390136719,612.5586547851562,3.2347121469517397,1.2055810611656363,0.0,-2,27.502954805081412,0.9991126906592911,1.522076171875,181.1511948481202,0.542895099104428,90.5755974240601,35.51984212708239
plus_seed5,Plus(csp4),1354637,csp3.bn1,128x80x80,0.11283389419555664,1.2626029435197466,-20.35379409790039,32.65668487548828,32.65668487548828,53.01047897338867,5.773761755118285,3.3124603808551214,0.0,1,18.918974264378807,0.9936468575085391,1.65230224609375,10.42080029612407,0.31910159698867047,41.68320118449628,16.346353405684816
plus_seed5,Plus(csp4),1354637,csp3.relu1,128x80x80,0.49906270629882815,0.8127724207643411,0.0,32.65668487548828,32.65668487548828,32.65668487548828,16.743099058243196,4.405993527722955,1.5625,1,19.17342219378556,0.9940018814526759,1.821939453125,9.890287497080863,0.3028564453125,39.56114998832345,15.514176466009197
plus_seed5,Plus(csp4),1354637,csp3.conv2,128x80x80,-11.164352734375,91.0529712201774,-786.9468383789062,876.7461547851562,876.7461547851562,1663.6929931640625,1.2914802898713083,1.4432883877141016,0.0,-3,31.984528501019426,0.9996835235910717,0.879432861328125,487.0211970359087,0.5554871206195956,121.75529925897717,47.74717617999105
plus_seed5,Plus(csp4),1354637,csp3.bn2,128x80x80,-0.2056605110168457,1.2631414663732528,-18.42999839782715,18.934648513793945,18.934648513793945,37.364646911621094,2.9581675626933563,2.1751938881297703,0.0,2,24.97728616268018,0.9984143457816843,1.262305908203125,8.947442132048309,0.4725433443103035,71.57953705638647,28.07040668877901
plus_seed5,Plus(csp4),1354637,csp3.relu2,128x80x80,0.37206388671875,0.7025810068991342,0.0,18.934648513793945,18.934648513793945,18.934648513793945,11.937242710006675,2.4761189380075384,0.78125,2,24.656300006815318,0.9982933193188727,2.281163818359375,7.444885603385046,0.3931884765625,59.55908482708037,23.356503853757008
plus_seed5,Plus(csp4),1354637,csp3.conv3,128x80x80,-4.5508603686523434,12.61022489014488,-189.20193481445312,169.6207275390625,189.20193481445312,358.8226623535156,3.518140191841285,1.364731852159926,0.0,-1,27.31229651075607,0.9990729585183037,1.334505615234375,96.2987528257072,0.508973404104697,96.2987528257072,37.764216794394976
plus_seed5,Plus(csp4),1354637,csp3.bn3,128x80x80,-0.34184937072753907,0.976320369442261,-25.63351821899414,15.517398834228516,25.63351821899414,41.150917053222656,5.519453784956541,2.2670686342598163,0.0,2,23.092408102170303,0.9975552410637331,1.375534912109375,8.920981471426785,0.34802017402419777,71.36785177141428,27.987392851535013
plus_seed5,Plus(csp4),1354637,csp3.relu3,128x80x80,0.4012738540649414,0.8676331886656604,0.0,21.56509780883789,21.56509780883789,21.56509780883789,16.1447053354287,1.723049674491415,0.0,2,27.195806311441807,0.9990477730549816,2.38118701171875,9.932264896575361,0.4605712890625,79.45811917260289,31.160046734354076
plus_seed5,Plus(csp4),1354637,down3,256x40x40,-13.4547386328125,56.104125524088715,-448.8803405761719,459.8158874511719,459.8158874511719,908.6962280273438,1.5340594462362835,1.591033989735694,0.0,-2,33.97684403581295,0.9997999477396318,1.108193359375,296.35869585722685,0.6445159985662683,148.17934792861342,58.10954820729938
plus_seed5,Plus(csp4),1354637,bn_down3,256x40x40,-1.4072186755371094,0.9368529126716223,-19.674789428710938,11.399150848388672,19.674789428710938,31.07394027709961,4.572825212965354,3.9840918929933276,0.0,2,27.411872381592648,0.9990930933370893,1.51018798828125,8.708632038440555,0.44262898314592697,69.66905630752444,27.32119855197037
plus_seed5,Plus(csp4),1354637,csp4.conv1,256x40x40,-27.62781703125,52.131067570957846,-374.99261474609375,307.6881408691406,374.99261474609375,682.6807556152344,0.07951006155216112,1.4796167620258913,0.0,-2,34.16926176965359,0.9998086106570067,0.34069873046875,240.2398337610066,0.6406521737066,120.1199168805033,47.10584975706011
plus_seed5,Plus(csp4),1354637,csp4.bn1,256x40x40,-0.31057701248168945,1.2229787036380984,-14.50188159942627,23.269990921020508,23.269990921020508,37.77187252044678,2.502718663106643,2.7337692913926053,0.0,2,24.856223526480065,0.9983697184470928,1.21752001953125,7.903792051482014,0.33965600065371204,63.230336411856115,24.796210357590635
plus_seed5,Plus(csp4),1354637,csp4.relu1,256x40x40,0.3140614404296875,0.640330173880256,0.0,23.269990921020508,23.269990921020508,23.269990921020508,16.168983300484154,3.6759495600750665,1.5625,2,24.108400008143917,0.9980642661913867,2.3328349609375,7.223582386737689,0.3104248046875,57.788659093901515,22.662219252510397
plus_seed5,Plus(csp4),1354637,csp4.conv2,256x40x40,-16.04404037109375,98.9569198114549,-1172.9312744140625,1169.9754638671875,1172.9312744140625,2342.90673828125,1.936640174962469,1.6317556413515442,0.0,-4,26.730820954109177,0.9989402774671249,1.1121884765625,600.6465596556664,0.5120901563100696,75.0808199569583,29.443458806650312
plus_seed5,Plus(csp4),1354637,csp4.bn2,256x40x40,-0.23826883255004883,1.5715459986077163,-30.53680992126465,33.310386657714844,33.310386657714844,63.84719657897949,4.964766846299325,3.6141780195761517,0.0,1,20.889385770162086,0.9959510699923677,1.5906591796875,13.521808518795297,0.40593370043225185,54.087234075181186,21.21068002948282
plus_seed5,Plus(csp4),1354637,csp4.relu2,256x40x40,0.464931826171875,1.033779063740275,0.0,33.310386657714844,33.310386657714844,33.310386657714844,15.954393535510466,4.278648615524677,5.078125,1,22.546818879628063,0.9972300798308208,2.7505068359375,11.893662228249013,0.3570556640625,47.574648912996054,18.65672506392002
plus_seed5,Plus(csp4),1354637,csp4.conv3,256x40x40,-23.87934431640625,28.516455425219252,-610.6507568359375,194.581787109375,610.6507568359375,805.2325439453125,4.000560721806037,2.27508876249934,0.0,-3,24.13816503026912,0.9980771666953984,1.2263984375,258.2632238715887,0.42293114514386143,64.56580596789718,25.319923908979284
plus_seed5,Plus(csp4),1354637,csp4.bn3,256x40x40,-1.4506547290039062,1.2602828982746084,-37.36292266845703,16.955148696899414,37.36292266845703,54.318071365356445,11.950204753783796,2.772430482583763,0.0,1,22.500342804627405,0.9972001863798288,1.4991953125,16.098511673742905,0.43086863992397956,64.39404669497162,25.25256733136142
plus_seed5,Plus(csp4),1354637,csp4.relu3,256x40x40,0.00453219256401062,0.0806593279668221,0.0,17.804798126220703,17.804798126220703,17.804798126220703,5291.84985443677,6.684980792439649,28.515625,2,23.052354044098692,0.9975368309753259,0.50495458984375,1.906104486901313,0.1070556640625,15.248835895210505,5.97993564518059
plus_seed5,Plus(csp4),1354637,PRE-HEAD,256x40x40,0.00453219256401062,0.0806593279668221,0.0,17.804798126220703,17.804798126220703,17.804798126220703,5291.84985443677,6.684980792439649,28.515625,2,23.052354044098692,0.9975368309753259,0.50495458984375,1.906104486901313,0.1070556640625,15.248835895210505,5.97993564518059
plus_seed5,Plus(csp4),1354637,head,15x40x40,1.8034177838541667,3.917382739284635,-69.91629791259766,144.04603576660156,144.04603576660156,213.96233367919922,58.12710049518356,28.48076290169374,0.0,-1,24.573262890254508,0.9983573573311646,0.023075,50.411396333016455,0.3499672591802406,50.411396333016455,19.769175032555474
plus_seed5,Plus(csp4),1354637,bn_head,15x40x40,-4.978650127604166,10.121623543528331,-27.74956703186035,15.324737548828125,27.74956703186035,43.07430458068848,0.722264224749126,999462.6315789474,0.0,2,59.447428657074,0.9999994755242929,0.0,27.744308938039467,0.9998105161851769,221.95447150431573,87.04096921737872
basewide_seed5,Base-Wide,1414845,conv1,24x320x320,-0.08612442204793294,1.696540045960219,-12.290915489196777,12.700505256652832,12.700505256652832,24.99142074584961,12.124364866516638,1.8699318172217458,0.0,3,33.408834325831414,0.9997722065268742,2.01562255859375,12.196343462448567,0.9603038002019508,195.14149539917707,76.52607662712826
basewide_seed5,Base-Wide,1414845,bn1,24x320x320,0.09594140538533528,1.2010991928163088,-27.314058303833008,27.29682159423828,27.314058303833008,54.61087989807129,9.217713239172951,3.9247034162958276,0.0,2,24.403392282835796,0.9981886527700959,1.2128214518229166,13.437444237293676,0.49196073640246957,107.4995538983494,42.156687803274274
basewide_seed5,Base-Wide,1414845,relu1,24x320x320,0.49869046427408853,0.7838263152153832,0.0,27.29682159423828,27.29682159423828,27.29682159423828,30.81329552174622,3.9113219538905315,4.166666666666666,2,25.18961896379624,0.9984893265280042,1.397418212890625,12.525482467375696,0.4588623046875,100.20385973900557,39.295631270198264
basewide_seed5,Base-Wide,1414845,csp1.conv1,48x320x320,-1.7081636515299479,3.1507402651182956,-45.39781188964844,44.79728317260742,45.39781188964844,90.19509506225586,5.699866561934629,1.408095747786319,0.0,1,27.85494076823923,0.9991821025239819,1.5323704833984375,27.44026793865487,0.6044403198408725,109.76107175461948,43.04355755083117
basewide_seed5,Base-Wide,1414845,csp1.bn1,48x320x320,-0.07836607655843099,1.3029359268702407,-25.432992935180664,26.445322036743164,26.445322036743164,51.87831497192383,9.435239382699079,1.8771789923519382,0.0,2,25.183758646647707,0.9984879837577679,1.7167937825520834,12.77372149610892,0.4830238587513169,102.18977196887136,40.07442037994955
basewide_seed5,Base-Wide,1414845,csp1.relu1,48x320x320,0.4068673718261719,0.7166388470296874,0.0,26.445322036743164,26.445322036743164,26.445322036743164,28.66222375608011,3.3750807410688237,0.0,2,24.273167856490975,0.9981356787948746,1.7566141357421876,10.333432109327987,0.3907470703125,82.6674568746239,32.4186105390682
basewide_seed5,Base-Wide,1414845,csp1.conv2,48x320x320,-12.0432831640625,24.182207340939925,-408.3089294433594,290.7949523925781,408.3089294433594,699.1038818359375,6.632607561240466,1.2847828107607526,0.0,-2,27.37936387914473,0.9990869463986858,1.8081117757161458,216.20897363126278,0.5295230107409524,108.10448681563139,42.39391639828682
basewide_seed5,Base-Wide,1414845,csp1.bn2,48x320x320,-0.15444306477864583,1.336262796980198,-26.34059715270996,20.336509704589844,26.34059715270996,46.677106857299805,8.671103110082935,1.6072019341741952,0.0,2,25.43921652140435,0.9985744581943616,1.788974853515625,12.944860065123066,0.49144140469083025,103.55888052098453,40.61132569450374
basewide_seed5,Base-Wide,1414845,csp1.relu2,48x320x320,0.3785683097330729,0.6749616077304805,0.0,20.336509704589844,20.336509704589844,20.336509704589844,16.476315884860387,1.7702327544399068,0.0,2,24.043468658312683,0.9980366311870276,1.9206772054036458,8.244329678826034,0.4053955078125,65.95463743060827,25.864563698277752
basewide_seed5,Base-Wide,1414845,csp1.conv3,48x320x320,-1.5366936588541666,4.078159545815865,-72.0083236694336,57.85567092895508,72.0083236694336,129.86399459838867,3.2632420241721443,1.510986082296662,0.0,0,23.609505422995845,0.9978299368215053,1.2630767822265625,30.96610174374655,0.43003503158748263,61.9322034874931,24.287138622546312
basewide_seed5,Base-Wide,1414845,csp1.bn3,48x320x320,-0.33633771443684896,1.4300985002765474,-32.046897888183594,30.458904266357422,32.046897888183594,62.505802154541016,6.069261676552697,1.7753665883313896,0.0,1,20.15235391163063,0.9952093950380907,1.6451971435546875,12.53672502329573,0.39119933127500306,50.14690009318292,19.66545101693448
basewide_seed5,Base-Wide,1414845,csp1.shortcut_conv.0,48x320x320,-1.2808543619791666,3.4574566073836137,-46.66874313354492,35.313289642333984,46.66874313354492,81.9820327758789,5.04803322020863,1.4101114562750763,0.0,1,28.119513841776737,0.9992299653650613,1.3877301839192708,28.605075023137033,0.6129386202084378,114.42030009254813,44.87070591864633
basewide_seed5,Base-Wide,1414845,csp1.shortcut_conv.1,48x320x320,-0.3393769323730469,1.1262594564321082,-22.907611846923828,18.530132293701172,22.907611846923828,41.437744140625,11.841506056507518,2.1330490041335084,0.0,2,24.25410993148619,0.9981273646046314,1.6843152262369792,12.128335386514664,0.5294456474799808,97.02668309211731,38.04967964396757
basewide_seed5,Base-Wide,1414845,csp1.relu3,48x320x320,0.37930064229329424,0.8711115846279867,0.0,37.04523468017578,37.04523468017578,37.04523468017578,26.478146280744063,2.4910907567194163,0.0,1,21.036517320313315,0.9960874116282239,2.3064552408854166,11.86152961011976,0.3201904296875,47.44611844047904,18.606320957050603
basewide_seed5,Base-Wide,1414845,down1,96x160x160,-3.789166129557292,19.81283585522146,-336.1854553222656,312.4378967285156,336.1854553222656,648.6233520507812,4.37617373748503,1.4000200181865043,0.0,-2,24.831519370100956,0.9983602167441271,1.6605144856770833,148.93030058592558,0.4430004279725956,74.46515029296279,29.202019722730505
basewide_seed5,Base-Wide,1414845,bn_down1,96x160x160,-0.4677474471028646,1.2292876122928131,-20.773542404174805,21.59016990661621,21.59016990661621,42.363712310791016,4.0232736573104875,1.5658601994814718,0.0,2,25.229090888058533,0.9985036855686849,1.5941767578125,9.194886170793325,0.4258829926102431,73.5590893663466,28.846701712292784
basewide_seed5,Base-Wide,1414845,csp2.conv1,96x160x160,-2.0965972981770835,13.734416729307313,-208.39683532714844,200.98548889160156,208.39683532714844,409.38232421875,4.521895031079969,1.349657814143117,0.0,-1,27.61350213401835,0.9991349248236778,1.68363818359375,101.60361915826797,0.48754876243090334,101.60361915826797,39.84455653265411
basewide_seed5,Base-Wide,1414845,csp2.bn1,96x160x160,-0.3601399943033854,1.2816113260574278,-25.45090675354004,20.501054763793945,25.45090675354004,45.951961517333984,4.763074489005443,1.7793951714675518,0.0,2,25.31934316884579,0.9985342881800071,1.6069076334635417,10.120497717056423,0.39764782508775387,80.96398173645139,31.75058107311819
basewide_seed5,Base-Wide,1414845,csp2.relu1,96x160x160,0.2983324129231771,0.6581872540715304,0.0,20.501054763793945,20.501054763793945,20.501054763793945,25.738601193124897,1.9495947435007959,0.0,2,24.452905028202387,0.9982116787239634,2.223005777994792,8.751487855101004,0.4268798828125,70.01190284080803,27.455648172865896
basewide_seed5,Base-Wide,1414845,csp2.conv2,96x160x160,-9.118301158854166,28.701664843868762,-360.4908447265625,411.7268981933594,411.7268981933594,772.2177429199219,3.3807699819474406,1.3173457157935717,0.0,-2,28.323949994273796,0.9992653562758312,1.3587154947916666,207.6875047273934,0.5044302561691199,103.8437523636967,40.723040142626154
basewide_seed5,Base-Wide,1414845,csp2.bn2,96x160x160,-0.3949057039388021,1.3453008695671231,-24.837011337280273,19.17307472229004,24.837011337280273,44.01008605957031,4.262937059820586,1.5569176408700482,0.0,2,25.79039341303013,0.9986846285376527,1.5226136881510417,10.584233222529292,0.4261476181170958,84.67386578023434,33.20543756087621
basewide_seed5,Base-Wide,1414845,csp2.relu2,96x160x160,0.30919859415690104,0.6376413089860415,0.0,19.17307472229004,19.17307472229004,19.17307472229004,17.55764798246221,1.8567964106144736,0.0,2,24.1546539751821,0.9980844947088704,2.229695963541667,7.510546482400969,0.3917236328125,60.08437185920775,23.562498768316765
basewide_seed5,Base-Wide,1414845,csp2.conv3,96x160x160,-1.1563426481119792,6.329666403873434,-89.65103149414062,110.80780792236328,110.80780792236328,200.4588394165039,3.4172983416414766,1.394603227579018,0.0,0,26.95305542664518,0.9989932519140755,1.20775439453125,47.68485600594431,0.43033841116462096,95.36971201188862,37.399887063485735
basewide_seed5,Base-Wide,1414845,csp2.bn3,96x160x160,-0.46479386962890623,1.2840028525755127,-22.9338436126709,19.92657470703125,22.9338436126709,42.86041831970215,5.247467896984057,1.7554275411335072,0.0,2,25.5424196174854,0.9986075615980716,1.6279559733072917,10.434632264310494,0.4549883761545048,83.47705811448395,32.736101221366255
basewide_seed5,Base-Wide,1414845,csp2.relu3,96x160x160,0.3145329656982422,0.8339543702035,0.0,26.000925064086914,26.000925064086914,26.000925064086914,27.001256916532114,1.8881081775107753,0.0,2,27.665022417194773,0.9991450936346865,2.5000390625,10.972314202459529,0.4219970703125,87.77851361967623,34.42294651752009
basewide_seed5,Base-Wide,1414845,down2,192x80x80,-13.0661690625,31.465912564713072,-661.5440063476562,661.8651123046875,661.8651123046875,1323.4091186523438,11.99132446170982,2.0636758340291412,0.0,-3,23.383803814636245,0.9977138319734873,1.7967560221354166,349.26985762268305,0.5277054963759712,87.31746440567076,34.24214290418461
basewide_seed5,Base-Wide,1414845,bn_down2,192x80x80,-1.1237808138020833,0.8018505632345058,-15.269219398498535,12.971182823181152,15.269219398498535,28.240402221679688,5.823601674456695,2.6457774632795696,0.0,3,31.695392221167566,0.9996618795836356,1.6333388671875,7.860940055921674,0.5148226540444276,125.77504089474678,49.32354544892031
basewide_seed5,Base-Wide,1414845,csp3.conv1,192x80x80,-9.8808710546875,25.737803068326794,-312.7568664550781,306.5380554199219,312.7568664550781,619.294921875,2.887689855737329,1.7863954887303077,0.0,-2,27.562453359382168,0.9991248065726507,1.27395068359375,180.063396692276,0.5757296353975936,90.031698346138,35.30654837103451
basewide_seed5,Base-Wide,1414845,csp3.bn1,192x80x80,-0.360578720703125,1.254078501088446,-22.7038631439209,22.116859436035156,22.7038631439209,44.820722579956055,4.947044984771292,2.3180984508930687,0.0,2,25.087105513426682,0.9984537866766122,1.5611310221354167,10.223874349379912,0.45031430486390234,81.7909947950393,32.074899919623256
basewide_seed5,Base-Wide,1414845,csp3.relu1,192x80x80,0.2850919950358073,0.6144295253371916,0.0,22.116859436035156,22.116859436035156,22.116859436035156,26.489841923220034,3.153582981927946,2.604166666666667,2,23.82093384454306,0.9979328692012991,2.148588541666667,8.480109312571585,0.3834228515625,67.84087450057268,26.604264510028504
basewide_seed5,Base-Wide,1414845,csp3.conv2,192x80x80,-16.476604700520834,60.842580080697665,-755.773193359375,920.433837890625,920.433837890625,1676.20703125,1.6450950541168439,1.6994002266037593,0.0,-3,28.72442461935616,0.999330007994031,0.8699152018229167,378.8176255226135,0.4115642101889222,94.70440638065338,37.138982894373875
basewide_seed5,Base-Wide,1414845,csp3.bn2,192x80x80,-0.37655696166992186,1.5468731074679334,-28.526426315307617,36.74582290649414,36.74582290649414,65.27224922180176,7.982692974997022,2.671607945022796,0.0,1,20.868234143351504,0.9959348323853525,1.6284583333333333,14.475811117561534,0.3939443989156984,57.903244470246136,22.70715469421417
basewide_seed5,Base-Wide,1414845,csp3.relu2,192x80x80,0.4004233280436198,1.0124053390962569,0.0,36.74582290649414,36.74582290649414,36.74582290649414,31.65555989817387,4.103245469802946,1.5625,1,22.750984860307575,0.9973564445373382,2.31414892578125,14.3762649432756,0.3912353515625,57.5050597731024,22.551003832589178
basewide_seed5,Base-Wide,1414845,csp3.conv3,192x80x80,-18.041504713541666,21.104115064869546,-432.3852233886719,128.70458984375,432.3852233886719,561.0898132324219,6.463262510407493,2.1207068759063765,0.0,-2,27.607367162008227,0.9991336733236259,1.6233616536458333,207.38766034319997,0.4796363268796973,103.69383017159998,40.664247126117644
basewide_seed5,Base-Wide,1414845,csp3.bn3,192x80x80,-1.1385150610351562,1.2138356483423691,-30.215578079223633,8.541046142578125,30.215578079223633,38.75662422180176,6.7144250306972495,2.4460423016890465,0.0,2,27.242318005055207,0.9990577760759651,1.6834650065104166,12.081527707865462,0.39984433447502943,96.6522216629237,37.90283202467596
basewide_seed5,Base-Wide,1414845,csp3.relu3,192x80x80,8.345877433816592e-05,0.014289308252544562,0.0,8.615970611572266,8.615970611572266,8.615970611572266,81138.17445657632,3.576848649655009,13.541666666666666,3,33.05438629710552,0.9997526625920437,0.00731005859375,0.0010517542250454426,0.0001220703125,0.01682806760072708,0.006599242196363562
basewide_seed5,Base-Wide,1414845,down3,384x40x40,0.0051374362309773765,0.9467825621705453,-160.8798370361328,263.8361511230469,263.8361511230469,424.7159881591797,2597.002723520548,3.4491810068934554,0.0,-2,9.618880433967705,0.94384727987083,0.17578515625,43.45042868889868,0.16468716854740062,21.72521434444934,8.519691899784055
basewide_seed5,Base-Wide,1414845,bn_down3,384x40x40,0.13464292134602865,2.3719495921532108,-284.347900390625,202.57162475585938,284.347900390625,486.9195251464844,41.05179659765192,747.3017440292249,0.0,-2,11.548223889202296,0.9659016453206044,1.8530986328125,26.801232609897852,0.09425507476256889,13.400616304948926,5.255143648999579
basewide_seed5,Base-Wide,1414845,PRE-HEAD,384x40x40,0.13464292134602865,2.3719495921532108,-284.347900390625,202.57162475585938,284.347900390625,486.9195251464844,41.05179659765192,747.3017440292249,0.0,-2,11.548223889202296,0.9659016453206044,1.8530986328125,26.801232609897852,0.09425507476256889,13.400616304948926,5.255143648999579
basewide_seed5,Base-Wide,1414845,head,15x40x40,27.598959708333332,104.12731076436093,-2493.35400390625,2136.82421875,2493.35400390625,4630.17822265625,5.382010054655346,25.606164572151595,0.0,-5,25.316300693899226,0.9994178053048681,0.019908333333333333,1061.2347219586372,0.42562537060362793,66.32717012241483,26.0106549499666
basewide_seed5,Base-Wide,1414845,bn_head,15x40x40,-5.221104942708333,10.497987236159126,-34.539756774902344,47.554473876953125,47.554473876953125,82.09423065185547,0.40892023153790147,390213.06251684256,0.0,1,41.36739592459671,0.9999995670722429,0.0009416666666666667,27.75535807479173,0.5836539827274407,111.02143229916692,43.537816587908594
base_seed6,base,631437,conv1,16x320x320,0.19898429244995117,1.3763319223356782,-8.55024528503418,9.160565376281738,9.160565376281738,17.710810661315918,2.731344644264186,1.303586720838432,0.0,3,31.649295060826844,0.999658563434864,1.964512451171875,6.235427824431099,0.6806815483873607,99.76684519089758,39.12425301603827
base_seed6,base,631437,bn1,16x320x320,0.28876928741455077,1.2594182641504688,-17.23018455505371,19.871870040893555,19.871870040893555,37.102054595947266,6.296856746578941,2.7287595988706297,0.0,2,25.081638178215083,0.9984518912286463,1.2221103515625,11.446575702633709,0.5760190499977225,91.57260562106967,35.91082573375281
base_seed6,base,631437,relu1,16x320x320,0.6170961492919922,0.8811742639772182,0.0,19.871870040893555,19.871870040893555,19.871870040893555,15.111746346111136,1.9551683845682455,18.75,2,25.95092494354826,0.998730594865976,1.7165782470703126,11.165798071073368,0.5618896484375,89.32638456858695,35.029954732779196
base_seed6,base,631437,csp1.conv1,32x320x320,-0.3687242364501953,3.1051455352166824,-36.35131072998047,36.70608139038086,36.70608139038086,73.05739212036133,3.1742754526856,1.5190327871237082,0.0,1,26.740616755181907,0.9989417823632234,1.0905355834960937,22.927557119634002,0.6246255729613884,91.71022847853601,35.96479548177883
base_seed6,base,631437,csp1.bn1,32x320x320,-0.029371040420532228,1.357965804939508,-20.836307525634766,28.08085823059082,28.08085823059082,48.917165756225586,9.507384101347162,1.7514705984197518,0.0,2,25.49425492972432,0.9985912960955502,1.6787977905273437,13.425882390933111,0.4781151017780211,107.40705912746489,42.120415344103876
base_seed6,base,631437,csp1.relu1,32x320x320,0.44850963897705076,0.8072651148681901,0.0,28.08085823059082,28.08085823059082,28.08085823059082,38.97834642223884,2.848959795249707,0.0,2,24.882153069519077,0.9983788769886808,1.7528411865234375,12.933237073244527,0.4605712890625,103.46589658595622,40.57486140625734
base_seed6,base,631437,csp1.conv2,32x320x320,-9.00596224609375,20.9619373945834,-326.62713623046875,304.96368408203125,326.62713623046875,631.5908203125,7.19703380581743,1.2189624461190296,0.0,-2,25.89184694704882,0.9987142494500368,1.8721101684570312,177.7499543428421,0.5441983675766039,88.87497717142105,34.852932224086686
base_seed6,base,631437,csp1.bn2,32x320x320,-0.0553631912612915,1.4433655924469087,-25.051063537597656,22.477663040161133,25.051063537597656,47.52872657775879,8.812425486706745,1.519380515232665,0.0,2,26.035179410979232,0.99875594031495,1.9433558959960937,13.290720669785514,0.530545166269618,106.32576535828412,41.696378571876124
base_seed6,base,631437,csp1.relu2,32x320x320,0.45928351013183594,0.7291479495082954,0.0,22.477663040161133,22.477663040161133,22.477663040161133,22.52810068362137,1.987612805773281,0.0,2,24.247634174883245,0.9981242275450717,1.5830106811523437,10.072692995658144,0.4481201171875,80.58154396526515,31.60060547657457
base_seed6,base,631437,csp1.conv3,32x320x320,-0.9232854241943359,3.426520063873337,-53.89836120605469,54.43110275268555,54.43110275268555,108.32946395874023,3.75078843352623,1.29682217016201,0.0,1,27.798419360111918,0.9991709986845292,1.1816979370117187,27.27882861951366,0.5011625199558861,109.11531447805464,42.79031940315868
base_seed6,base,631437,csp1.bn3,32x320x320,-0.16153384521484376,1.47887485537019,-28.86442756652832,26.258956909179688,28.86442756652832,55.12338447570801,5.977677068860425,1.4218035896899248,0.0,2,26.28296213101802,0.9988257537692861,1.4436340942382813,13.090443308232352,0.4535147380997173,104.72354646585882,41.06805743759169
base_seed6,base,631437,csp1.shortcut_conv.0,32x320x320,-0.42811274200439453,2.8497786676762904,-41.1005973815918,28.580326080322266,41.1005973815918,69.68092346191406,3.4965894405922073,1.235773908036281,0.0,1,25.98430696046599,0.998743003380914,1.1382424926757813,22.310905007645488,0.5428365140414755,89.24362003058195,34.99749805120861
base_seed6,base,631437,csp1.shortcut_conv.1,32x320x320,-0.15723602249145507,1.2418024161281735,-21.845800399780273,19.00160789489746,21.845800399780273,40.847408294677734,7.061344682032125,1.6551439937980994,0.0,2,24.777274904644347,0.998340515410504,1.53276513671875,11.29986918112263,0.5172559015615782,90.39895344898105,35.450569979992565
base_seed6,base,631437,csp1.relu3,32x320x320,0.5843962780761719,1.0747126700558294,0.0,31.61995506286621,31.61995506286621,31.61995506286621,17.518924374800637,1.8902129099617908,0.0,2,28.068498559585255,0.9992209292034306,2.060408447265625,12.895784895634279,0.4078369140625,103.16627916507423,40.45736437846048
base_seed6,base,631437,down1,64x160x160,-7.787227080078125,20.93344870573881,-315.4701232910156,325.45892333984375,325.45892333984375,640.9290466308594,4.0834624562198005,1.6057209352508077,0.0,-2,25.71751847150862,0.9986624136391339,1.5463134765625,156.72439140453935,0.4815489149790124,78.36219570226967,30.73027282441948
base_seed6,base,631437,bn_down1,64x160x160,-0.38044222900390623,1.2583558805672255,-25.713411331176758,20.248716354370117,25.713411331176758,45.962127685546875,4.7480018418797485,1.8164240160581344,0.0,2,25.212944058530027,0.9984975286003157,1.6129371337890626,10.065416444092989,0.3914461723672178,80.52333155274391,31.577777079507417
base_seed6,base,631437,csp2.conv1,64x160x160,-1.11918162109375,11.145041536862076,-158.76727294921875,160.44241333007812,160.44241333007812,319.2096862792969,4.6887160626046915,1.3152342301667974,0.0,-1,25.732024410209902,0.998666765616779,1.771961669921875,80.87418666109443,0.5040698714417364,80.87418666109443,31.715367318076247
base_seed6,base,631437,csp2.bn1,64x160x160,-0.4074153173828125,1.3361665749806257,-18.30217170715332,18.917869567871094,18.917869567871094,37.220041275024414,3.9734017832148485,1.5292600393143136,0.0,2,25.738322150508015,0.9986689343657769,1.551704345703125,9.919484188547358,0.5243446759667896,79.35587350837886,31.119950395442693
base_seed6,base,631437,csp2.relu1,64x160x160,0.3017328146362305,0.6419699426971491,0.0,18.917869567871094,18.917869567871094,18.917869567871094,20.48867129473221,2.0584100967898187,0.0,2,24.352043307285985,0.9981702818641742,2.2387010498046873,7.992522775195539,0.4224853515625,63.94018220156431,25.074581255515415
base_seed6,base,631437,csp2.conv2,64x160x160,-6.492062900390625,18.667093555167384,-253.09774780273438,214.3863525390625,253.09774780273438,467.4841003417969,3.214538483287164,1.2401512589651529,0.0,-1,30.681950664173034,0.9995728382778947,1.46144921875,130.00653632357717,0.5136613717515373,130.00653632357717,50.98295542101065
base_seed6,base,631437,csp2.bn2,64x160x160,-0.3357093081665039,1.4418102999612779,-21.573389053344727,19.1973934173584,21.573389053344727,40.770782470703125,3.6432197018025976,1.4707838287930006,0.0,2,26.245295733334103,0.9988151387289804,1.4619635009765626,10.619227405637503,0.49223732902508904,84.95381924510002,33.315223233372556
base_seed6,base,631437,csp2.relu2,64x160x160,0.36528479431152344,0.6909216433771456,0.0,19.1973934173584,19.1973934173584,19.1973934173584,14.594015324515418,1.9293099389825934,0.0,2,24.558359670828686,0.9982538972869703,2.10867919921875,7.895021780161187,0.4112548828125,63.160174241289496,24.768695780897843
base_seed6,base,631437,csp2.conv3,64x160x160,-1.02237654296875,4.481629712087141,-58.64036560058594,54.092041015625,58.64036560058594,112.73240661621094,2.4943024242363148,1.2750500902199455,0.0,1,30.06549339487899,0.9995077964340758,1.17658203125,29.775859070941806,0.5077706928662853,119.10343628376722,46.70722991520283
base_seed6,base,631437,csp2.bn3,64x160x160,-0.37430805419921875,1.4232458528522764,-26.841197967529297,25.77587127685547,26.841197967529297,52.617069244384766,4.367775574149684,1.9896618828891413,0.0,2,26.205241914512882,0.9988041960974118,1.452864990234375,11.162698696833104,0.4158793027918127,89.30158957466483,35.02023120575092
base_seed6,base,631437,csp2.relu3,64x160x160,0.42055814880371095,0.9560818894397276,0.0,31.883676528930664,31.883676528930664,31.883676528930664,22.368437113094426,2.2382564280201067,0.0,1,22.04569080559392,0.9968920369714032,2.2854549560546875,12.178225568728521,0.3819580078125,48.712902274914086,19.103098931338856
base_seed6,base,631437,down2,128x80x80,-11.788282421875,29.316935358118744,-495.4760437011719,271.58612060546875,495.4760437011719,767.0621643066406,4.909825940589875,1.870010059811322,0.0,-2,28.74021296870479,0.9993323791998154,1.480570068359375,254.73912665620446,0.5141300571331779,127.36956332810223,49.94884836396166
base_seed6,base,631437,bn_down2,128x80x80,-1.2847062658691406,0.7715746780295559,-14.692873001098633,9.605720520019531,14.692873001098633,24.298593521118164,3.9660898531922726,2.292928153995621,0.0,3,32.37254777551398,0.9997105770681575,1.357158203125,7.173715948360041,0.48824460320480817,114.77945517376065,45.01155104853359
base_seed6,base,631437,csp3.conv1,128x80x80,-7.1356852734375,18.254134635842018,-203.29934692382812,156.1246337890625,203.29934692382812,359.4239807128906,0.7866092108639413,1.3909979259020153,0.0,-1,30.612235325262773,0.9995659538725664,0.6576875,105.15097719058394,0.5172224051953386,105.15097719058394,41.235677329640765
base_seed6,base,631437,csp3.bn1,128x80x80,-0.37593351989746093,1.322808613804062,-16.015338897705078,21.211360931396484,21.211360931396484,37.22669982910156,3.9078948195536993,1.8043234068302765,0.0,2,25.600012272902987,0.9986256688508577,1.4994375,9.712429637089372,0.4578880944274205,77.69943709671497,30.470367488907833
base_seed6,base,631437,csp3.relu1,128x80x80,0.30667615203857423,0.6421643252850181,0.0,21.211360931396484,21.211360931396484,21.211360931396484,24.985971038705795,2.7907052377314003,0.0,2,24.105536295994348,0.9980621029595139,2.067078857421875,8.743989973794669,0.4122314453125,69.95191979035735,27.432125407983275
base_seed6,base,631437,csp3.conv2,128x80x80,-13.717412568359375,44.78496894806801,-687.7937622070312,449.0398254394531,687.7937622070312,1136.8335876464844,3.4236137741919777,1.8206623141010727,0.0,-3,26.144381020879706,0.9987874095750201,1.28090771484375,349.0473281927407,0.5074883596976774,87.26183204818517,34.22032629340595
base_seed6,base,631437,csp3.bn2,128x80x80,-0.35728590759277346,1.4991875649639839,-24.823326110839844,24.965852737426758,24.965852737426758,49.7891788482666,5.924556393089281,2.5017355741924376,0.0,2,26.589435646253108,0.9989052982905798,1.53406640625,12.69481366337277,0.5084870842141013,101.55850930698216,39.826866394894964
base_seed6,base,631437,csp3.relu2,128x80x80,0.38697979278564454,0.9241776386724899,0.0,24.965852737426758,24.965852737426758,24.965852737426758,27.989819999039167,3.190336587618928,0.0,2,27.587526842280383,0.9991296854229338,2.2816630859375,12.565211283741519,0.5032958984375,100.52169026993215,39.42027069409104
base_seed6,base,631437,csp3.conv3,128x80x80,-11.546425185546875,12.437811759793956,-173.1622314453125,47.062923431396484,173.1622314453125,220.22515487670898,4.476151655767996,1.576145862771014,0.0,-1,29.3730662422599,0.9994228908226949,1.6173935546875,104.15368987200782,0.6014804094558072,104.15368987200782,40.844584263532475
base_seed6,base,631437,csp3.bn3,128x80x80,-1.3083543310546875,1.3178802371271987,-22.05901527404785,9.583318710327148,22.05901527404785,31.642333984375,3.966853514473419,2.1301140221061647,0.0,2,28.219120177266205,0.9992473043376894,1.549730712890625,11.108573764562607,0.5035842999588337,88.86859011650085,34.850427496667
base_seed6,base,631437,csp3.relu3,128x80x80,0.00011716275691986084,0.016051167475390198,0.0,8.642881393432617,8.642881393432617,8.642881393432617,51915.25402019068,3.744329878166052,3.125,3,31.889068347132493,0.9996764773327553,0.011354248046875,0.11921943328343332,0.0137939453125,1.907510932534933,0.7480435029548758
base_seed6,base,631437,down3,256x40x40,0.022582037620544435,1.1649224960030997,-142.94204711914062,147.01673889160156,147.01673889160156,289.9587860107422,1602.7068905061628,1.5465309293390188,0.0,-1,6.919442664555746,0.9010975581842352,0.178841796875,47.12680862657726,0.32055403338340144,47.12680862657726,18.48110142218716
base_seed6,base,631437,bn_down3,256x40x40,0.06827901336669921,2.823196459648384,-251.71824645996094,288.30877685546875,288.30877685546875,540.0270233154297,23.777315646621673,352.95498544990136,0.0,-2,10.190734224709786,0.9559949604301702,0.43739599609375,30.552394015714526,0.10597108540691656,15.276197007857263,5.990665493277358
base_seed6,base,631437,PRE-HEAD,256x40x40,0.06827901336669921,2.823196459648384,-251.71824645996094,288.30877685546875,288.30877685546875,540.0270233154297,23.777315646621673,352.95498544990136,0.0,-2,10.190734224709786,0.9559949604301702,0.43739599609375,30.552394015714526,0.10597108540691656,15.276197007857263,5.990665493277358
base_seed6,base,631437,head,15x40x40,-26.045831375,102.13471888304387,-2049.10107421875,2056.223876953125,2056.223876953125,4105.324951171875,2.9251001677545023,43.046505986668215,0.0,-5,28.572664304901103,0.9996817380800228,0.017725,790.7428036630154,0.3845606563205188,49.42142522893846,19.380951070171946
base_seed6,base,631437,bn_head,15x40x40,-5.086010421875,10.279206778179866,-37.625877380371094,62.188602447509766,62.188602447509766,99.81447982788086,0.5607404454366156,1042829.5857920228,0.0,1,41.67853795722158,0.999978033544235,0.0005666666666666667,27.744341352488846,0.4461322535090965,110.97736540995538,43.52053545488447
base_seed7,base,631437,conv1,16x320x320,0.21018806427001954,1.5869637054279009,-8.971382141113281,12.271261215209961,12.271261215209961,21.242643356323242,4.766385016650013,1.2944230306174054,0.0,3,32.88834656014696,0.9997428466220715,2.223380859375,8.373837757622823,0.6823942226283664,133.98140412196517,52.541727106653006
base_seed7,base,631437,bn1,16x320x320,0.14674653800964355,1.2617423157505743,-16.841930389404297,19.231538772583008,19.231538772583008,36.073469161987305,7.661359115977833,2.6550435351525117,0.0,2,24.982525754537377,0.9984168474575704,1.143494873046875,12.463359805056825,0.6480687766298203,99.7068784404546,39.10073664331553
base_seed7,base,631437,relu1,16x320x320,0.5311420703125,0.8631510223870804,0.0,19.231538772583008,19.231538772583008,19.231538772583008,24.927081411219394,2.8316553708793637,6.25,2,25.956512654125177,0.9987340731814316,1.316347412109375,12.397675324464217,0.6446533203125,99.18140259571373,38.89466768459362
base_seed7,base,631437,csp1.conv1,32x320x320,-1.2125962329101563,2.601492866927427,-36.713626861572266,27.753887176513672,36.713626861572266,64.46751403808594,5.375471133208434,1.4167839252895846,0.0,1,25.92790789238712,0.9987244715941058,1.461961181640625,22.05261872522533,0.6006657639239548,88.21047490090132,34.592343098392675
base_seed7,base,631437,csp1.bn1,32x320x320,-0.015149803991317748,1.3434717662680289,-20.76511001586914,23.079450607299805,23.079450607299805,43.844560623168945,10.369309164080084,1.943378093791183,0.0,2,25.38200575288474,0.9985533996347745,1.7409721069335937,13.558030520798638,0.5874503146322888,108.46424416638911,42.534997712309455
base_seed7,base,631437,csp1.relu1,32x320x320,0.44273805786132814,0.7873576884445975,0.0,23.079450607299805,23.079450607299805,23.079450607299805,38.38598445304652,2.473850672411865,0.0,2,24.74373756380631,0.9983256714329588,1.694818359375,13.013181439833716,0.5638427734375,104.10545151866972,40.82566726222342
base_seed7,base,631437,csp1.conv2,32x320x320,-11.3768130859375,20.75427796883431,-348.948974609375,213.89385986328125,348.948974609375,562.8428344726562,7.639384849720296,1.372580065377554,0.0,-2,26.250609581909153,0.998817677546868,1.8839366455078126,194.4282794520259,0.5571825498833327,97.21413972601295,38.12319204941684
base_seed7,base,631437,csp1.bn2,32x320x320,-0.03289461787223816,1.393517707580927,-28.266225814819336,29.867090225219727,29.867090225219727,58.13331604003906,10.503667590751508,2.144083052369632,0.0,2,25.730403051075278,0.9986661864948142,1.9192232666015625,13.924498310312629,0.4662154299368207,111.39598648250103,43.68470058137295
base_seed7,base,631437,csp1.relu2,32x320x320,0.4436366345214844,0.6915961526011242,0.0,29.867090225219727,29.867090225219727,29.867090225219727,20.904616388042406,2.783465469353133,0.0,2,23.74462797178156,0.9978953745923712,1.72001513671875,9.380862200865522,0.3140869140625,75.04689760692418,29.43015592428399
base_seed7,base,631437,csp1.conv3,32x320x320,-0.884202105102539,3.683833628407418,-49.82620620727539,64.02706146240234,64.02706146240234,113.85326766967773,3.3080946851236046,1.3413702258507914,0.0,0,22.377674495748252,0.9971248711145249,1.244774169921875,26.877429567743093,0.41978233818408056,53.754859135486186,21.080336915876934
base_seed7,base,631437,csp1.bn3,32x320x320,-0.18861653381347657,1.5361266146603583,-26.548667907714844,35.61911392211914,35.61911392211914,62.167781829833984,5.499102880774544,1.6453792637319917,0.0,1,20.615396646114377,0.9956888038375404,1.5966133422851563,12.95705447299406,0.36376689496893544,51.82821789197624,20.32479133018676
base_seed7,base,631437,csp1.shortcut_conv.0,32x320x320,-1.1983254229736329,3.172245099865995,-44.93943786621094,39.186161041259766,44.93943786621094,84.1255989074707,4.981230610136567,1.493461713206112,0.0,1,27.400328798570776,0.9990917149612394,1.3140036010742187,25.89000110188499,0.5761086994225881,103.56000440753996,40.6117664343294
base_seed7,base,631437,csp1.shortcut_conv.1,32x320x320,-0.20924855529785155,1.1619353848181406,-19.734210968017578,13.422048568725586,19.734210968017578,33.156259536743164,9.28477159054713,1.4132131245059771,0.0,2,24.265535898708528,0.9981343839385052,1.729972900390625,11.230634150793776,0.5690946635259349,89.84507320635021,35.233362041705966
base_seed7,base,631437,csp1.relu3,32x320x320,0.532255668334961,1.0584330307930405,0.0,33.30829620361328,33.30829620361328,33.30829620361328,17.71093751907442,1.790924680134884,0.0,1,22.22695389661242,0.9970200919449769,2.168692932128906,12.803689544089139,0.3843994140625,51.214758176356554,20.084218892688845
base_seed7,base,631437,down1,64x160x160,-5.231738579101562,21.18413448644859,-373.542236328125,274.2793884277344,373.542236328125,647.8216247558594,4.6036525158825,1.2311729480065459,0.0,-2,25.527907297265436,0.9986025266407563,1.667554443359375,162.69780730828643,0.4355539788688588,81.34890365414321,31.901530844762046
base_seed7,base,631437,bn_down1,64x160x160,-0.4224026620483398,1.3176149263429813,-23.43558120727539,19.825517654418945,23.43558120727539,43.261098861694336,4.563472849780726,1.491080418377489,0.0,2,25.67028877475839,0.9986479337657429,1.6021815185546875,10.314624215709046,0.4401266657089329,82.51699372567236,32.359605382616614
base_seed7,base,631437,csp2.conv1,64x160x160,-1.4257483129882813,12.023718822649508,-199.95925903320312,174.07618713378906,199.95925903320312,374.0354461669922,4.707483922784605,1.2303779829633745,0.0,-1,26.381984443531014,0.9988515973479064,1.7165057373046875,90.42422053776681,0.4522132207078839,90.42422053776681,35.4604786422615
base_seed7,base,631437,csp2.bn1,64x160x160,-0.2954095510864258,1.4285574560145382,-25.232851028442383,21.067079544067383,25.232851028442383,46.299930572509766,4.605565592742123,1.799636633908663,0.0,2,26.12769018664772,0.9987826449404661,1.5644224853515625,11.278440800961107,0.4469744932210826,90.22752640768886,35.383343689289745
base_seed7,base,631437,csp2.relu1,64x160x160,0.37634503784179685,0.7226194527906281,0.0,21.067079544067383,21.067079544067383,21.067079544067383,19.671291227009622,1.9439053955294574,0.0,2,24.933185517006905,0.9983982928094315,2.0023553466796873,9.137125686043873,0.4337158203125,73.09700548835099,28.665492348372936
base_seed7,base,631437,csp2.conv2,64x160x160,-9.683398491210937,24.003302349060508,-236.7078094482422,254.06185913085938,254.06185913085938,490.76966857910156,1.4294497654980152,1.230995187754075,0.0,-2,26.997568768236334,0.9990033713944831,0.9338643798828125,136.00177760235965,0.5353097000376957,68.00088880117983,26.66701521614895
base_seed7,base,631437,csp2.bn2,64x160x160,-0.41489320373535155,1.4380589832339428,-21.426427841186523,16.522512435913086,21.426427841186523,37.94894027709961,2.749914536970598,1.4993273478415292,0.0,2,26.34015081937301,0.9988410028801519,1.30265283203125,9.785108637530357,0.4566840870563187,78.28086910024285,30.698380039310923
base_seed7,base,631437,csp2.relu2,64x160x160,0.3512070739746094,0.7178428343603752,0.0,16.522512435913086,16.522512435913086,16.522512435913086,14.423593806880735,1.6050908619260043,0.0,2,25.226775028820917,0.998503254469961,2.312603271484375,7.924432539148256,0.4796142578125,63.39546031318605,24.86096482870041
base_seed7,base,631437,csp2.conv3,64x160x160,-0.7274841436767578,5.187412070451666,-70.51862335205078,65.4188461303711,70.51862335205078,135.93746948242188,3.2861645901997925,1.4107697415926483,0.0,0,25.179284434355647,0.9984859654638616,1.4492236328125,35.68796558305621,0.5060785915358961,71.37593116611242,27.990561241612713
base_seed7,base,631437,csp2.bn3,64x160x160,-0.4234671960449219,1.4400394257762068,-22.840978622436523,20.43056869506836,22.840978622436523,43.27154731750488,3.954253003210262,1.629309594944008,0.0,2,26.366218424587316,0.9988475907937375,1.47203076171875,10.906813835026696,0.47751079388135387,87.25451068021357,34.217455168711204
base_seed7,base,631437,csp2.relu3,64x160x160,0.4044158383178711,0.9521568799976363,0.0,28.175437927246094,28.175437927246094,28.175437927246094,21.490233244871103,1.9248929141426303,0.0,2,28.220202481674207,0.9992475039105859,2.487305908203125,12.061921485699713,0.4281005859375,96.4953718855977,37.84132230807753
base_seed7,base,631437,down2,128x80x80,-15.20548150390625,27.021345538932085,-438.1859436035156,251.11021423339844,438.1859436035156,689.2961578369141,3.414757400655253,1.796675048992674,0.0,-2,28.571578245277934,0.99930592687358,1.25876611328125,218.99447739683092,0.4997752223539694,109.49723869841546,42.94009360722175
base_seed7,base,631437,bn_down2,128x80x80,-1.2854522631835938,0.7406020935764159,-15.472670555114746,10.23900318145752,15.472670555114746,25.711673736572266,4.947408595596264,2.736420029688618,0.0,3,32.33744003653293,0.9997082734473787,1.431269287109375,7.49740652134642,0.4845580143802667,119.95850434154272,47.042550722173615
base_seed7,base,631437,csp3.conv1,128x80x80,-7.77735646484375,19.172713427388235,-206.2091522216797,198.2805633544922,206.2091522216797,404.4897155761719,0.9342993380586462,1.4341412484063465,0.0,-1,31.08303251847094,0.9996105311843596,0.670423828125,111.92161406949162,0.542757743114977,111.92161406949162,43.89082904685946
base_seed7,base,631437,csp3.bn1,128x80x80,-0.46640844360351563,1.3422800675351412,-22.14231300354004,18.004711151123047,22.14231300354004,40.147024154663086,3.199709015776869,1.9039231458194417,0.0,2,25.876461200612574,0.9987105685701029,1.332998779296875,9.777696067234501,0.44158422228388133,78.22156853787601,30.67512491681412
base_seed7,base,631437,csp3.relu1,128x80x80,0.29670464263916013,0.6488462774456815,0.0,18.004711151123047,18.004711151123047,18.004711151123047,19.391118843753887,2.317157882049886,0.78125,2,24.588027952453423,0.9982668201623894,2.3018203125,7.953985553700477,0.4417724609375,63.631884429603815,24.953680168472083
base_seed7,base,631437,csp3.conv2,128x80x80,-13.92833796875,46.2120576411425,-615.3040771484375,507.7579040527344,615.3040771484375,1123.0619812011719,2.9836121945574714,1.5211657213953609,0.0,-3,26.404577367724688,0.9988576570201537,1.313923095703125,325.6275675930083,0.5292140580346798,81.40689189825207,31.92427133264787
base_seed7,base,631437,csp3.bn2,128x80x80,-0.43492377746582034,1.556256663885688,-23.736080169677734,27.610836029052734,27.610836029052734,51.34691619873047,6.57903858609254,2.5751889806229165,0.0,2,27.018753302832465,0.9990081790630578,1.569851318359375,13.288606596179307,0.48128229736313455,106.30885276943445,41.689746184091945
base_seed7,base,631437,csp3.relu2,128x80x80,0.38159422302246093,0.9744309477607591,0.0,27.610836029052734,27.610836029052734,27.610836029052734,29.675240573534566,3.293565740525757,0.78125,2,28.42007176205118,0.9992813989923771,2.308344970703125,13.168400435242802,0.4769287109375,105.34720348194242,41.312628816448004
base_seed7,base,631437,csp3.conv3,128x80x80,-12.60353716796875,14.248621158488644,-188.63958740234375,112.9309310913086,188.63958740234375,301.57051849365234,2.9713290853069934,1.4836792041372036,0.0,-1,30.350166845417274,0.99953904840218,1.3844404296875,111.29587898496538,0.5899921671668298,111.29587898496538,43.64544273920211
base_seed7,base,631437,csp3.bn3,128x80x80,-1.2752269396972655,1.3057265781171785,-25.575855255126953,9.482400894165039,25.575855255126953,35.05825614929199,3.4529870738972193,2.401092397944412,0.0,2,28.08068375133781,0.9992230697207953,1.3730693359375,10.935438472079113,0.42756882860787176,87.4835077766329,34.30725795162075
base_seed7,base,631437,csp3.relu3,128x80x80,7.784830547869206e-05,0.014124126739754292,0.0,11.105117797851562,11.105117797851562,11.105117797851562,101996.42032520121,4.5429850607391185,5.46875,3,33.35408388388791,0.9997690269032843,0.00673486328125,0.001355605199933052,0.0001220703125,0.021689683198928833,0.008505758117226994
base_seed7,base,631437,down3,256x40x40,0.02144529088973999,0.9477414130563737,-167.55520629882812,122.9110336303711,167.55520629882812,290.4662399291992,2246.762362396856,1.9279524229102252,0.0,-1,6.503561529208763,0.8847627356286223,0.1536455078125,38.9835934555158,0.2326611886114126,38.9835934555158,15.287683708045412
base_seed7,base,631437,bn_down3,256x40x40,0.00012422245025634765,6.308790262357161,-255.3533935546875,263.4122314453125,263.4122314453125,518.765625,1.612344897888872,624.5165558608095,0.0,-2,16.71057545540816,0.9894179912494105,0.02441064453125,32.842695236206055,0.12468173955325453,16.421347618103027,6.439744163961971
base_seed7,base,631437,PRE-HEAD,256x40x40,0.00012422245025634765,6.308790262357161,-255.3533935546875,263.4122314453125,263.4122314453125,518.765625,1.612344897888872,624.5165558608095,0.0,-2,16.71057545540816,0.9894179912494105,0.02441064453125,32.842695236206055,0.12468173955325453,16.421347618103027,6.439744163961971
base_seed7,base,631437,head,15x40x40,-52.77161775,244.93723867155825,-1638.797607421875,1301.639404296875,1638.797607421875,2940.43701171875,0.8658299307644155,33.805611688719125,0.0,-4,37.26433114773708,0.9999109938730991,0.007975,670.2638301253319,0.40899732040723324,83.78297876566648,32.85607010418293
base_seed7,base,631437,bn_head,15x40x40,-5.3243032369791665,10.679001219247668,-48.04270553588867,50.45118713378906,50.45118713378906,98.49389266967773,0.33103214799452063,1434421.3333333333,0.0,1,42.28087114699386,0.9999999335627523,0.0026,27.783646801952273,0.5507035291017863,111.13458720780909,43.582191061885915
base_seed8,base,631437,conv1,16x320x320,-0.04035397666931152,1.2567417672518304,-8.765406608581543,9.02607250213623,9.02607250213623,17.791479110717773,1.1070012894769459,1.2009913040056712,0.0,3,30.804342103647908,0.9995846578659424,1.035145263671875,6.430709337582812,0.7124593045381404,102.89134940132499,40.34954878483333
base_seed8,base,631437,bn1,16x320x320,0.22560508392333983,1.2192202653074868,-13.396933555603027,14.998095512390137,14.998095512390137,28.395029067993164,3.917158394885562,2.0673199425456428,0.0,3,30.733255351852712,0.9995777864752631,1.0990306396484375,9.36553664575331,0.6244483933320939,149.84858633205295,58.76415150276586
base_seed8,base,631437,relu1,16x320x320,0.5576857189941407,0.8663255996400586,0.0,14.998095512390137,14.998095512390137,14.998095512390137,10.48914973135214,2.0790266174855834,12.5,3,31.807018291345514,0.9996702048338216,1.6250269775390624,9.331700784503482,0.6221923828125,149.30721255205572,58.55184805962969
base_seed8,base,631437,csp1.conv1,32x320x320,-0.291691012878418,2.8804034828648075,-29.414798736572266,32.495304107666016,32.495304107666016,61.91010284423828,2.8651136835015647,1.339979385147406,0.0,1,26.068810867775216,0.9987657391127078,1.03745947265625,20.383722943253815,0.6272821105387059,81.53489177301526,31.97446736196677
base_seed8,base,631437,csp1.bn1,32x320x320,-0.13777702995300292,1.362869373590314,-25.60103416442871,25.639636993408203,25.639636993408203,51.240671157836914,8.732583166034075,2.396840014248705,0.0,2,25.612449379999166,0.9986313353267497,1.6760629272460938,13.022300070384517,0.5078972090647177,104.17840056307614,40.854274730618094
base_seed8,base,631437,csp1.relu1,32x320x320,0.40378774108886717,0.8205187307369041,0.0,25.639636993408203,25.639636993408203,25.639636993408203,33.16116903961248,3.2310620086200568,0.0,2,25.599194447911714,0.998627906587075,1.8259151000976563,12.259577405173331,0.4781494140625,98.07661924138665,38.46141931034771
base_seed8,base,631437,csp1.conv2,32x320x320,-6.539003076171875,21.08806613098543,-372.0669860839844,246.28321838378906,372.0669860839844,618.3502044677734,7.486715002752748,1.4924861354019319,0.0,-2,25.65301017775394,0.9986409905307394,1.8845786743164064,185.39949882216752,0.49829602129848316,92.69974941108376,36.35284290630736
base_seed8,base,631437,csp1.bn2,32x320x320,-0.04511443086624146,1.3775876581018605,-22.806804656982422,26.74513816833496,26.74513816833496,49.55194282531738,7.6708272397773065,1.8400566980149995,0.0,2,25.616895855785753,0.9986314390322251,1.853125,12.166928261751309,0.45492112193147705,97.33542609401047,38.1707553309845
base_seed8,base,631437,csp1.relu2,32x320x320,0.45320149169921875,0.7563974520259626,0.0,26.74513816833496,26.74513816833496,26.74513816833496,24.170402117293424,2.417959157772505,0.0,2,24.624083422632527,0.9982805573225823,1.8091527099609375,10.457113959128037,0.3909912109375,83.6569116730243,32.806632028636976
base_seed8,base,631437,csp1.conv3,32x320x320,-1.2553273120117188,3.880490344321666,-70.25379180908203,52.612953186035156,70.25379180908203,122.86674499511719,6.057547294340507,1.3643735478396073,0.0,0,23.002178057201256,0.997504757652937,1.72023779296875,32.742838533595204,0.46606507194053526,65.48567706719041,25.680657673408003
base_seed8,base,631437,csp1.bn3,32x320x320,-0.15191553962707519,1.5277974390497846,-34.14255142211914,37.01361083984375,37.01361083984375,71.15616226196289,8.9512276802619,2.4277553485697267,0.0,1,20.551732671250708,0.9956278993573076,1.702672607421875,15.059288667049259,0.406858134760484,60.237154668197036,23.622413595371388
base_seed8,base,631437,csp1.shortcut_conv.0,32x320x320,-0.6180500018310547,3.099928490531436,-39.55097198486328,31.80902862548828,39.55097198486328,71.36000061035156,2.8043633523186555,1.2649294161302294,0.0,1,26.75552436218226,0.9989455395071541,1.0511322631835938,22.381714025512338,0.5658954231030817,89.52685610204935,35.10857102041151
base_seed8,base,631437,csp1.shortcut_conv.1,32x320x320,-0.15716253639221192,1.263406686102599,-21.122970581054688,17.744508743286133,21.122970581054688,38.86747932434082,7.959898083956503,1.5971313865492085,0.0,2,24.846439213412644,0.9983645196075009,1.557685791015625,11.866323588648811,0.5617734278005284,94.93058870919049,37.22768184674137
base_seed8,base,631437,csp1.relu3,32x320x320,0.6184840231323242,1.1056980364890225,0.0,39.23249435424805,39.23249435424805,39.23249435424805,18.04121556462775,2.2163375260204448,0.0,1,22.330848162565097,0.9970942314058255,1.9421847534179688,13.625054496806115,0.3472900390625,54.50021798722446,21.372634504793904
base_seed8,base,631437,down1,64x160x160,-9.714713623046874,23.193157433221277,-364.4622802734375,289.8396911621094,364.4622802734375,654.3019714355469,4.091951373797258,1.3914845078199545,0.0,-2,26.75853718858074,0.9989468452927195,1.521020263671875,179.4015298075974,0.4922362052747998,89.7007649037987,35.176770550509296
base_seed8,base,631437,bn_down1,64x160x160,-0.37690869384765624,1.2640236957417312,-20.75458335876465,16.74393081665039,20.75458335876465,37.49851417541504,4.971123316941835,1.4305648686760501,0.0,2,25.237845438216322,0.9985067509272865,1.65601611328125,10.176084059523419,0.4903053886276192,81.40867247618735,31.92496959850484
base_seed8,base,631437,csp2.conv1,64x160x160,-1.5950434399414062,12.118426076241292,-157.58753967285156,187.00582885742188,187.00582885742188,344.59336853027344,5.297410401383228,1.3392714165684592,0.0,-1,26.51681259441611,0.9988867395766152,1.733994384765625,95.37396642379463,0.5100053137729211,95.37396642379463,37.40155546031162
base_seed8,base,631437,csp2.bn1,64x160x160,-0.43508940521240236,1.3120003020120576,-20.136873245239258,19.954116821289062,20.136873245239258,40.09099006652832,5.045242875179129,1.6820577528778202,0.0,2,25.633030692905386,0.9986361964461726,1.6043326416015624,10.549684580648318,0.5238988422963066,84.39747664518654,33.097049664779036
base_seed8,base,631437,csp2.relu1,64x160x160,0.2794609976196289,0.6513887551930577,0.0,19.954116821289062,19.954116821289062,19.954116821289062,25.423134491186016,1.9659949546429012,0.0,2,24.735061974313474,0.998323310686007,2.299272216796875,8.63492970354855,0.4327392578125,69.0794376283884,27.089975540544472
base_seed8,base,631437,csp2.conv2,64x160x160,-8.2334315625,20.718911236612527,-291.746337890625,238.9622802734375,291.746337890625,530.7086181640625,3.5314106230375613,1.4130860386443247,0.0,-2,25.724497780242004,0.9986645465403712,1.58505859375,145.0111059397459,0.4970451625483992,72.50555296987295,28.433550184263904
base_seed8,base,631437,csp2.bn2,64x160x160,-0.29936545501708983,1.443337619381584,-21.027416229248047,19.216657638549805,21.027416229248047,40.24407386779785,3.8522712012499607,1.534965446677416,0.0,2,26.21965730072641,0.9988079467320199,1.540578857421875,10.568476621760055,0.5026046237226166,84.54781297408044,33.15600508787468
base_seed8,base,631437,csp2.relu2,64x160x160,0.3767362292480469,0.6815375820021505,0.0,19.216657638549805,19.216657638549805,19.216657638549805,13.342834693830486,1.9546269416526652,0.0,2,24.33312145856337,0.9981607523923489,2.059270263671875,7.527618940686807,0.3917236328125,60.220951525494456,23.616059421762532
base_seed8,base,631437,csp2.conv3,64x160x160,-1.2631700762939453,5.397660759148869,-63.51539611816406,52.199249267578125,63.51539611816406,115.71464538574219,1.3549989330946444,1.3896058045407313,0.0,0,25.680576882713844,0.9986506351577515,0.8662979736328125,32.99057328142226,0.5194106515536262,65.98114656284451,25.874959436409615
base_seed8,base,631437,csp2.bn3,64x160x160,-0.37494144592285156,1.4289315807351486,-25.831008911132812,18.48204231262207,25.831008911132812,44.31305122375488,3.9716537037722777,1.597480655275606,0.0,2,26.204715584368543,0.9988040117528237,1.5101224365234376,10.744448869256303,0.41595157611616135,85.95559095405042,33.70807488394134
base_seed8,base,631437,csp2.relu3,64x160x160,0.42169047454833986,0.9490414411936553,0.0,24.496837615966797,24.496837615966797,24.496837615966797,18.772543612433974,1.8328304372570072,0.0,2,28.090718714607092,0.999224721691747,2.368142822265625,11.378230850677937,0.4644775390625,91.0258468054235,35.696410511930786
base_seed8,base,631437,down2,128x80x80,-17.749487734375,27.90661355605999,-485.9251708984375,260.3263244628906,485.9251708984375,746.2514953613281,6.019832735981222,1.9278376882236816,0.0,-2,29.15034589483858,0.9993925423154127,1.502030517578125,259.371524784714,0.5337684489674746,129.685762392357,50.85716172249294
base_seed8,base,631437,bn_down2,128x80x80,-1.347495107421875,0.795986263398453,-16.58333969116211,6.877218246459961,16.58333969116211,23.46055793762207,4.1138040351082745,2.554620142668089,0.0,2,26.766015648596383,0.9989489237828313,1.473726318359375,7.450561460806057,0.44927991584088117,59.604491686448455,23.374310465273904
base_seed8,base,631437,csp3.conv1,128x80x80,-11.81494359375,21.807459641175676,-242.90560913085938,232.9853057861328,242.90560913085938,475.8909149169922,1.6065311895134595,1.6876393194991754,0.0,-1,32.6635671291409,0.9997293280718365,0.98494482421875,123.75860394351184,0.5094925736228675,123.75860394351184,48.532785860200725
base_seed8,base,631437,csp3.bn1,128x80x80,-0.4267171105957031,1.3442878757092027,-19.976638793945312,20.149009704589844,20.149009704589844,40.125648498535156,3.1140458437368848,1.9681715600014167,0.0,2,25.823553837863464,0.9986946335137393,1.324401611328125,9.603291782550514,0.4766135866400884,76.82633426040411,30.12797421976632
base_seed8,base,631437,csp3.relu1,128x80x80,0.3065157571411133,0.6472380516054255,0.0,20.149009704589844,20.149009704589844,20.149009704589844,22.129235609654717,2.7774639088737842,0.0,2,24.300456404319114,0.9981473700052892,2.194265625,8.483146297745407,0.4210205078125,67.86517038196325,26.613792306652257
base_seed8,base,631437,csp3.conv2,128x80x80,-12.71650771484375,43.22991505067202,-451.4687194824219,491.4332275390625,491.4332275390625,942.9019470214844,1.9193700773620073,1.5228117304304183,0.0,-2,31.825752500145505,0.9996717551043587,1.015290771484375,263.7400725595653,0.5366752954013502,131.87003627978265,51.71373971756182
base_seed8,base,631437,csp3.bn2,128x80x80,-0.46471818603515624,1.5015192284509837,-22.69794464111328,21.839134216308594,22.69794464111328,44.537078857421875,4.828651458970268,2.4250428663920776,0.0,2,26.75368657001458,0.9989460339383929,1.440798095703125,11.699772391468287,0.5154551469949501,93.59817913174629,36.70516828695933
base_seed8,base,631437,csp3.relu2,128x80x80,0.36236602111816407,0.8985362350859468,0.0,21.839134216308594,21.839134216308594,21.839134216308594,24.800357750949356,2.8820780368838155,0.0,2,27.72053223893805,0.9991559724517556,2.438775146484375,11.4820741051808,0.5257568359375,91.8565928414464,36.02219327115545
base_seed8,base,631437,csp3.conv3,128x80x80,-12.720039462890625,12.295131930463583,-173.60240173339844,49.311317443847656,173.60240173339844,222.9137191772461,2.752583395794577,1.640802034045232,0.0,-1,29.735357563099512,0.999469016721244,1.358376708984375,94.1186402933672,0.5421505656235412,94.1186402933672,36.90927070328126
base_seed8,base,631437,csp3.bn3,128x80x80,-1.3182993444824218,1.219975681733374,-23.51246452331543,9.928289413452148,23.51246452331543,33.44075393676758,2.955689636286553,2.6706731346103463,0.0,2,27.91895866911866,0.9991935583057444,1.328911376953125,9.939404606353492,0.4227291697345201,79.51523685082793,31.182445823854092
base_seed8,base,631437,csp3.relu3,128x80x80,9.685818366706371e-05,0.01583727721397478,0.0,9.314671516418457,9.314671516418457,9.314671516418457,70946.78604682171,4.113471551197968,3.90625,3,33.5612461103445,0.9997799948898957,0.007969970703125,0.00113704486284405,0.0001220703125,0.0181927178055048,0.007134399139413647
base_seed8,base,631437,down3,256x40x40,0.008296155443191528,1.0786599157491321,-140.6897430419922,169.81674194335938,169.81674194335938,310.50648498535156,2123.6852615679572,1.6878059004274708,0.0,-1,7.565242009855719,0.9132132412484956,0.16378369140625,50.15500206314027,0.2953478054588337,50.15500206314027,19.66862826005501
base_seed8,base,631437,bn_down3,256x40x40,-0.22776216247558595,4.079553818529907,-228.6524658203125,359.4351501464844,359.4351501464844,588.0876159667969,8.561499114497806,344.77856757239374,0.0,-2,13.197186704164602,0.9779610655886172,0.03867919921875,35.32727663591504,0.09828553668587434,17.66363831795752,6.926916987434322
base_seed8,base,631437,PRE-HEAD,256x40x40,-0.22776216247558595,4.079553818529907,-228.6524658203125,359.4351501464844,359.4351501464844,588.0876159667969,8.561499114497806,344.77856757239374,0.0,-2,13.197186704164602,0.9779610655886172,0.03867919921875,35.32727663591504,0.09828553668587434,17.66363831795752,6.926916987434322
base_seed8,base,631437,head,15x40x40,-38.4554489375,155.8945969183944,-2029.9222412109375,1768.830810546875,2029.9222412109375,3798.7530517578125,3.087527031889164,26.39722228366615,0.0,-4,31.10643012692449,0.9996127549485528,0.0181,863.1954699605703,0.42523573190943337,107.89943374507129,42.31350342943972
base_seed8,base,631437,bn_head,15x40x40,-5.3190995963541665,10.670164473930644,-46.741554260253906,55.627220153808594,55.627220153808594,102.3687744140625,0.3356055633368058,2722314.1576303924,0.0,1,41.697113344186285,0.9999704778049572,0.0023666666666666667,27.784836634993553,0.4994827452849309,111.13934653997421,43.58405746665655
base_seed9,base,631437,conv1,16x320x320,-0.009830610384941102,1.3349915866197635,-9.948029518127441,9.497211456298828,9.948029518127441,19.44524097442627,2.4008727734215825,1.2070845363905107,0.0,3,31.320062180578837,0.9996309793277394,1.7446519775390625,6.6986349049257115,0.6733629904012008,107.17815847881138,42.0306503838476
base_seed9,base,631437,bn1,16x320x320,-0.018694308099746704,1.215613501268296,-18.2023868560791,17.59794807434082,18.2023868560791,35.80033493041992,5.4919845753257,2.1774999585258787,0.0,2,24.57982500969127,0.9982652990591407,1.297999267578125,10.749910374637693,0.5905769644186809,85.99928299710155,33.7252090184712
base_seed9,base,631437,relu1,16x320x320,0.4442794549560547,0.7384941164920708,0.0,17.59794807434082,17.59794807434082,17.59794807434082,17.435566863705674,1.9868666943745168,6.25,2,24.698189806342423,0.9983097370626532,1.7179354248046874,9.333872605348006,0.5303955078125,74.67098084278405,29.28273758540551
base_seed9,base,631437,csp1.conv1,32x320x320,0.3011356637573242,2.628353723976581,-38.906044006347656,34.762451171875,38.906044006347656,73.66849517822266,7.278333602520686,1.508605330365544,0.0,1,25.277162968547017,0.9985205018776958,1.5019556884765626,23.51947232056409,0.6045197583369516,94.07788928225636,36.89328991461034
base_seed9,base,631437,csp1.bn1,32x320x320,0.02090146722793579,1.3055002464803664,-26.887353897094727,31.352628707885742,31.352628707885742,58.23998260498047,18.650822580021238,2.126311130042518,0.0,2,25.135341205196326,0.9984706213380861,1.795948486328125,15.818648972548544,0.5045397985582585,126.54919178038836,49.62713403152485
base_seed9,base,631437,csp1.relu1,32x320x320,0.42980748168945315,0.8610997582733483,0.0,31.352628707885742,31.352628707885742,31.352628707885742,48.11200854060017,3.068023745267049,0.0,2,25.63708282714157,0.998637389644603,1.7982080688476563,14.332958314334974,0.4571533203125,114.66366651467979,44.96614373124697
base_seed9,base,631437,csp1.conv2,32x320x320,-12.4557171484375,24.31850743915259,-449.40020751953125,311.7572326660156,449.40020751953125,761.1574401855469,10.712813885108934,1.2992541519551921,0.0,-2,27.50702075296242,0.9991129264301,2.146522705078125,242.66494086757302,0.5399751419941804,121.33247043378651,47.58136095442608
base_seed9,base,631437,csp1.bn2,32x320x320,-0.055266559448242186,1.4207556761776914,-30.940441131591797,25.56800651550293,30.940441131591797,56.50844764709473,13.774142830457308,1.6217294358025454,0.0,2,25.891404253438097,0.9987146413242883,2.0478487548828124,15.399238427868113,0.4977058459630264,123.1939074229449,48.31133624429212
base_seed9,base,631437,csp1.relu2,32x320x320,0.4284912142944336,0.6901903315921363,0.0,25.56800651550293,25.56800651550293,25.56800651550293,25.733593839278427,2.5772678613039495,0.0,2,23.865240248198578,0.9979524796995628,1.6421852416992186,9.853295479668304,0.3853759765625,78.82636383734643,30.912299544057426
base_seed9,base,631437,csp1.conv3,32x320x320,-1.4352603515625,3.3162171049699367,-61.43815612792969,46.0937385559082,61.43815612792969,107.53189468383789,5.25723944708953,1.3884811057060802,0.0,1,28.000934935842622,0.9992085313291524,1.4780992431640625,27.84756549121812,0.45326173906053574,111.39026196487248,43.68245567249901
base_seed9,base,631437,csp1.bn3,32x320x320,-0.3128436100769043,1.6065133481677272,-33.43246841430664,34.963478088378906,34.963478088378906,68.39594650268555,7.9791404887312325,1.9178469854022977,0.0,1,21.095735571794737,0.9961374340383934,1.764690673828125,14.772197365295142,0.42250365732936324,59.08878946118057,23.172074298502185
base_seed9,base,631437,csp1.shortcut_conv.0,32x320x320,-0.6033460766601563,2.845214356157005,-36.07270431518555,38.7631721496582,38.7631721496582,74.83587646484375,6.427876660984991,1.3555062767577382,0.0,1,26.06590593739761,0.9987668476386065,1.4800551147460939,23.822349049150944,0.6145613923746176,95.28939619660378,37.368390665334815
base_seed9,base,631437,csp1.shortcut_conv.1,32x320x320,-0.3060898986816406,1.1258011123006095,-25.53742027282715,19.003793716430664,25.53742027282715,44.54121398925781,14.404588660119888,1.9678367940551043,0.0,2,24.18835673755122,0.9981001901323381,1.8959457397460937,12.33055884949863,0.482842774163013,98.64447079598904,38.6841061945055
base_seed9,base,631437,csp1.relu3,32x320x320,0.4314465625,0.9595968647091694,0.0,36.12710952758789,36.12710952758789,36.12710952758789,28.41799895071209,2.1160609848878402,0.0,1,21.72118652968219,0.9966516046001058,2.2597596435546876,13.728478022385389,0.3800048828125,54.913912089541554,21.534867486094726
base_seed9,base,631437,down1,64x160x160,-3.6834041918945313,17.925877832316434,-285.7931213378906,234.77764892578125,285.7931213378906,520.5707702636719,5.136155741656236,1.3971074969432367,0.0,-2,23.97839192323499,0.9980060080998787,1.7122086181640626,141.86089542880654,0.4963761715632256,70.93044771440327,27.815861848785598
base_seed9,base,631437,bn_down1,64x160x160,-0.36197911163330077,1.3163839017713368,-25.56465721130371,17.31414031982422,25.56465721130371,42.87879753112793,4.55913440285806,1.8334328179927317,0.0,2,25.504713647447083,0.9985957435414806,1.5492470703125,10.516251095337793,0.41135897142747174,84.13000876270235,32.99216029909896
base_seed9,base,631437,csp2.conv1,64x160x160,-0.004700084075927735,11.899822041860949,-165.5952911376953,186.19668579101562,186.19668579101562,351.79197692871094,5.8453825795648235,1.2750677592690596,0.0,-1,26.279745291421307,0.9988248862830502,1.7749202880859376,96.74567407928407,0.5195885934719051,96.74567407928407,37.93948003109179
base_seed9,base,631437,csp2.bn1,64x160x160,-0.2386230599975586,1.4158876617467293,-24.178544998168945,18.80127716064453,24.178544998168945,42.97982215881348,5.006958879183328,1.566638302509694,0.0,2,25.989387239095922,0.9987430992565169,1.569508544921875,11.361198131227866,0.469887585546949,90.88958504982293,35.642974529342325
base_seed9,base,631437,csp2.relu1,64x160x160,0.3907647595214844,0.7460438194230414,0.0,18.80127716064453,18.80127716064453,18.80127716064453,16.85003713321228,1.7571314003008625,0.0,2,25.178234406460383,0.9984853889257217,2.068039794921875,8.916377169080079,0.4742431640625,71.33101735264063,27.972947981427698
base_seed9,base,631437,csp2.conv2,64x160x160,-6.29980787109375,26.22241183915593,-322.8391418457031,277.517822265625,322.8391418457031,600.3569641113281,2.282917114873232,1.4273470774874415,0.0,-2,27.3753023221394,0.9990862978704727,1.1907293701171875,170.44732366129756,0.5279636251256072,85.22366183064878,33.421043855156384
base_seed9,base,631437,csp2.bn2,64x160x160,-0.3747970184326172,1.4203177651007324,-25.302186965942383,17.039031982421875,25.302186965942383,42.34121894836426,3.9708631011867555,1.4976097195531908,0.0,2,26.154479236246715,0.9987895640034895,1.44838916015625,10.917956944787875,0.4315025005341958,87.343655558303,34.25241394443255
base_seed9,base,631437,csp2.relu2,64x160x160,0.352026217956543,0.7131111799668906,0.0,17.039031982421875,17.039031982421875,17.039031982421875,16.998571800450883,1.5066242924227593,0.0,2,25.11245111551096,0.998461936179575,2.1608748779296874,8.43839755281806,0.4952392578125,67.50718042254448,26.473404087272346
base_seed9,base,631437,csp2.conv3,64x160x160,-1.4746767712402344,5.628960258888468,-99.98922729492188,81.43164825439453,99.98922729492188,181.4208755493164,4.791081206020249,1.4581358848507253,0.0,0,26.096625505240397,0.9987737636670931,1.3839249267578124,48.01317886915058,0.480183517445674,96.02635773830116,37.65739519149065
base_seed9,base,631437,csp2.bn3,64x160x160,-0.36629692138671877,1.3384662399333074,-23.708881378173828,20.46146011352539,23.708881378173828,44.17034149169922,5.9128165106032675,1.6878011447891639,0.0,2,25.674309614887246,0.9986492405464416,1.6130792236328124,11.593310414813459,0.48898597238274394,92.74648331850767,36.37116992882654
base_seed9,base,631437,csp2.relu3,64x160x160,0.4044900390625,0.9148116391666024,0.0,25.05123519897461,25.05123519897461,25.05123519897461,19.673360203202474,1.765604535218966,0.0,2,27.67302198087366,0.999146536822939,2.31800634765625,10.98743750853464,0.4385986328125,87.89950006827712,34.47039218363809
base_seed9,base,631437,down2,128x80x80,-13.383618251953125,28.028086515778902,-597.3310546875,251.101318359375,597.3310546875,848.432373046875,8.166668312154554,2.1181062247085323,0.0,-3,22.580475964394793,0.9972510643850581,1.470936767578125,290.66500774025917,0.4866062218920187,72.66625193506479,28.496569386299917
base_seed9,base,631437,bn_down2,128x80x80,-1.2558008410644532,0.7469924868523399,-13.758797645568848,10.338485717773438,13.758797645568848,24.097283363342285,4.413203688345323,2.344783651324885,0.0,3,32.15059860184516,0.9996953744838283,1.486393798828125,7.019677017466165,0.5101955271307387,112.31483227945864,44.04503226645437
base_seed9,base,631437,csp3.conv1,128x80x80,-7.9966306884765626,19.621869212236504,-198.11248779296875,188.0155029296875,198.11248779296875,386.12799072265625,0.7617864836545354,1.3615672229754026,0.0,-1,31.29556692246743,0.9996291930296605,0.626325439453125,113.6941245868802,0.5738867138233744,113.6941245868802,44.585931210541254
base_seed9,base,631437,csp3.bn1,128x80x80,-0.40031694213867186,1.3501303469468788,-20.82311248779297,21.66616439819336,21.66616439819336,42.48927688598633,4.601468357645719,2.10752160324891,0.0,2,25.80684873108879,0.9986895360887914,1.481040771484375,11.129208862315863,0.5136677012957529,89.0336708985269,34.91516505824585
base_seed9,base,631437,csp3.relu1,128x80x80,0.3072503321838379,0.6450502901367756,0.0,21.66616439819336,21.66616439819336,21.66616439819336,22.357151431937286,2.746441286839093,0.0,2,24.261777583407724,0.9981309541012804,2.155024658203125,8.418383945245296,0.3885498046875,67.34707156196237,26.410616298808772
base_seed9,base,631437,csp3.conv2,128x80x80,-11.116883583984375,44.00252222180154,-622.2437133789062,517.234375,622.2437133789062,1139.4780883789062,3.296152327510944,1.5138924498778374,0.0,-3,25.87057030576937,0.9987085590955477,1.268927734375,329.7238867357373,0.529895087160096,82.43097168393433,32.3258712486017
base_seed9,base,631437,csp3.bn2,128x80x80,-0.2692694061279297,1.5683247073876054,-22.60994529724121,27.322145462036133,27.322145462036133,49.932090759277344,5.7713651822936605,2.088940036940729,0.0,2,26.87124957260368,0.9989739676623082,1.479931640625,13.638363265432417,0.499168825683283,109.10690612345934,42.78702200919974
base_seed9,base,631437,csp3.relu2,128x80x80,0.4522847521972656,1.0072633439632197,0.0,27.322145462036133,27.322145462036133,27.322145462036133,24.32928637280758,2.674862857631026,0.0,2,28.196825236620192,0.9992435227397157,2.25913720703125,13.50431725778617,0.4942626953125,108.03453806228936,42.36648551462328
base_seed9,base,631437,csp3.conv3,128x80x80,-13.92355796875,15.505138817206971,-267.6397399902344,63.4781379699707,267.6397399902344,331.1178779602051,5.925045186505335,1.8659357019174643,0.0,-2,25.129706154169654,0.9984689491725556,1.507976806640625,149.8972621462308,0.560071019915429,74.9486310731154,29.391620028672705
base_seed9,base,631437,csp3.bn3,128x80x80,-1.273419619140625,1.2946059010060849,-24.783864974975586,7.8369903564453125,24.783864974975586,32.6208553314209,5.474602409025181,2.232719642101132,0.0,2,28.032576713719127,0.9992144150806946,1.661316162109375,11.894007954979315,0.47990932677323594,95.15206363983452,37.31453476071942
base_seed9,base,631437,csp3.relu3,128x80x80,9.205259911715985e-05,0.014368683500587107,0.0,7.732117652893066,7.732117652893066,7.732117652893066,58121.31585157561,3.5630256643170872,5.46875,4,38.623397168171955,0.9999313640419173,0.008100341796875,0.0009438620181754231,0.0001220703125,0.03020358458161354,0.011844542973181781
base_seed9,base,631437,down3,256x40x40,-0.00903564109802246,1.101431877899327,-140.959716796875,145.39036560058594,145.39036560058594,286.35008239746094,2045.6295044220533,1.6384438107615584,0.0,-1,7.443354409051497,0.9105801261981027,0.16427197265625,49.482889937236905,0.34034504097180346,49.482889937236905,19.405054877347805
base_seed9,base,631437,bn_down3,256x40x40,-0.189185283203125,3.0530423771615673,-227.63388061523438,142.90945434570312,227.63388061523438,370.5433349609375,19.618080572077254,205.64821796119298,0.0,-1,15.329774423305821,0.985240645219086,4.71850927734375,31.592663899064064,0.13878717796172266,31.592663899064064,12.38927996041728
base_seed9,base,631437,PRE-HEAD,256x40x40,-0.189185283203125,3.0530423771615673,-227.63388061523438,142.90945434570312,227.63388061523438,370.5433349609375,19.618080572077254,205.64821796119298,0.0,-1,15.329774423305821,0.985240645219086,4.71850927734375,31.592663899064064,0.13878717796172266,31.592663899064064,12.38927996041728
base_seed9,base,631437,head,15x40x40,13.488404083333334,99.57987762236263,-1968.838134765625,1945.2049560546875,1968.838134765625,3914.0430908203125,9.357487688757256,21.193511304789713,0.0,-4,29.216228797699543,0.9994730178995976,6.68175,892.6369715481997,0.4533826096650963,111.57962144352496,43.75671429157841
base_seed9,base,631437,bn_head,15x40x40,-5.090009328125,10.286617076227433,-42.24898910522461,43.47964859008789,43.47964859008789,85.7286376953125,0.5575522169708198,325699.2463768116,0.0,1,41.81647733800161,0.999982527244032,0.001125,27.73414285480976,0.637864926560891,110.93657141923904,43.50453781146629
plus_deployed,Plus(csp4),1354637,conv1,16x320x320,-0.27354658035278323,1.3560311343485483,-8.40601921081543,8.571877479553223,8.571877479553223,16.977896690368652,2.136468207565593,1.2461106214342257,0.0,3,31.6809882089869,0.9996612296838316,1.7900316162109375,6.161504792398773,0.7188045801046515,98.58407667838037,38.66042222681583
plus_deployed,Plus(csp4),1354637,bn1,16x320x320,0.3158994319152832,1.0448071865048796,-13.990680694580078,13.689682960510254,13.990680694580078,27.680363655090332,4.931039544493449,3.1644557297630156,0.0,3,29.550018292664532,0.9994458750244634,1.0733985595703126,8.557056936086155,0.6116254900593305,136.9129109773785,53.69133763818764
plus_deployed,Plus(csp4),1354637,relu1,16x320x320,0.5549462338256836,0.7516350693909083,0.0,13.689682960510254,13.689682960510254,13.689682960510254,8.626972115626408,2.4030672575339045,12.5,3,30.506674866637645,0.9995553665139536,1.3002510986328124,8.09649828413967,0.5914306640625,129.54397254623473,50.80155786126852
plus_deployed,Plus(csp4),1354637,csp1.conv1,32x320x320,-0.18774155212402344,2.2967394824470326,-28.837766647338867,23.967416763305664,28.837766647338867,52.80518341064453,2.3717477379047667,1.427072107676118,0.0,2,30.057595649290178,0.999507102324521,0.9385419311523437,16.300403154455125,0.5652449911879468,130.403225235641,51.13851970025137
plus_deployed,Plus(csp4),1354637,csp1.bn1,32x320x320,0.09703036056518555,1.2147300506470549,-21.82160186767578,22.88835334777832,22.88835334777832,44.7099552154541,9.601559879427862,1.9933593635474676,0.0,2,24.588890298475743,0.9982668630979403,1.670562744140625,11.847308499040082,0.5176129675658845,94.77846799232066,37.16802666365516
plus_deployed,Plus(csp4),1354637,csp1.relu1,32x320x320,0.46978481018066404,0.8107015703701738,0.0,22.88835334777832,22.88835334777832,22.88835334777832,26.448691670535894,2.4055602107255116,3.125,2,25.077681844241123,0.9984511494261741,1.8658151245117187,11.648137830430642,0.5089111328125,93.18510264344513,36.54317750723339
plus_deployed,Plus(csp4),1354637,csp1.conv2,32x320x320,-8.50514177734375,24.27153985838727,-349.55206298828125,365.5282897949219,365.5282897949219,715.0803527832031,8.062018519529708,1.2714246611675797,0.0,-2,26.93622108638302,0.9989885536229377,1.8498919067382813,212.857936155051,0.5823295818621154,106.4289680775255,41.736850226480584
plus_deployed,Plus(csp4),1354637,csp1.bn2,32x320x320,0.11909841682434082,1.2738924362677753,-32.32731246948242,26.33051872253418,32.32731246948242,58.6578311920166,11.391349663145839,2.4492138048267686,0.0,1,18.91951545277978,0.9936465313457054,1.755982421875,13.073051229817793,0.40439647564761205,52.29220491927117,20.506747027165165
plus_deployed,Plus(csp4),1354637,csp1.relu2,32x320x320,0.49729301025390626,0.7837293572462624,0.0,26.33051872253418,26.33051872253418,26.33051872253418,23.24981492573925,2.730426645759097,0.0,2,24.782417462653,0.9983418030088201,1.6627219848632813,11.188541952287778,0.4249267578125,89.50833561830223,35.101308085608714
plus_deployed,Plus(csp4),1354637,csp1.conv3,32x320x320,-1.2210594567871094,4.092874528795076,-77.99553680419922,60.90426254272461,77.99553680419922,138.89979934692383,6.606016647733799,1.391110108185377,0.0,0,23.40182815923253,0.9977230685903966,1.5882092895507813,36.47141466056928,0.4676089960394463,72.94282932113856,28.60503110632885
plus_deployed,Plus(csp4),1354637,csp1.bn3,32x320x320,-0.03788591453552246,1.2438338796736275,-21.46142578125,28.36343002319336,28.36343002319336,49.82485580444336,7.060799409337012,2.254006039937968,0.0,2,24.740774093388055,0.9983259175271276,1.4398084106445312,11.509831947740167,0.40579830924286453,92.07865558192134,36.109276698792684
plus_deployed,Plus(csp4),1354637,csp1.shortcut_conv.0,32x320x320,-0.6462297302246094,2.630831973369252,-26.953107833862305,31.56747055053711,31.56747055053711,58.520578384399414,1.8788678912531118,1.6205952464676896,0.0,2,31.514226419173696,0.9996473140577613,0.9446521606445313,17.244501841953024,0.5462744255782513,137.9560147356242,54.1003979355389
plus_deployed,Plus(csp4),1354637,csp1.shortcut_conv.1,32x320x320,-0.03614973663330078,1.3002275184988417,-22.30467987060547,20.356285095214844,22.30467987060547,42.66096496582031,7.696762647250759,2.061569008259615,0.0,2,25.14353419271292,0.9984742225885179,1.6093313598632812,11.675892090424895,0.5234727491342358,93.40713672339916,36.63024969545065
plus_deployed,Plus(csp4),1354637,csp1.relu3,32x320x320,0.7353946508789062,1.2725089383694623,0.0,37.77783966064453,37.77783966064453,37.77783966064453,17.501014671649067,2.3429991099510876,0.0,1,23.3510460962437,0.9977002116921251,1.892109130859375,16.071261134929955,0.4254150390625,64.28504453971982,25.20982138812542
plus_deployed,Plus(csp4),1354637,down1,64x160x160,-11.79911888671875,31.346847943566463,-427.28558349609375,472.41961669921875,472.41961669921875,899.7052001953125,5.409310425442621,1.3491971333068962,0.0,-2,29.259386890208503,0.9994074797743687,1.6668712158203125,258.2613765746355,0.5466779266684558,129.13068828731775,50.639485602869705
plus_deployed,Plus(csp4),1354637,bn_down1,64x160x160,-0.39105573822021483,1.327622378950211,-21.236560821533203,21.068161010742188,21.236560821533203,42.30472183227539,6.964545426369332,1.6105176131459256,0.0,2,25.652521525084452,0.9986420373690464,1.8280582275390624,11.491808612365276,0.5411332234508021,91.9344688989222,36.05273290153812
plus_deployed,Plus(csp4),1354637,csp2.conv1,64x160x160,0.05233827518463135,15.017013198118017,-207.83607482910156,225.83737182617188,225.83737182617188,433.67344665527344,5.959985249201662,1.375298946983968,0.0,-1,28.282786331910657,0.9992583975421397,1.8987730712890625,118.31681234203279,0.5239027154155063,118.31681234203279,46.39874993805208
plus_deployed,Plus(csp4),1354637,csp2.bn1,64x160x160,-0.030358004150390624,1.2719167080776672,-19.08568572998047,20.686988830566406,20.686988830566406,39.772674560546875,6.469385434098781,1.7708564264480553,0.0,2,24.928788136400833,0.9983961817665304,1.83971240234375,10.525342363864183,0.5087904503681216,84.20273891091347,33.02068192584842
plus_deployed,Plus(csp4),1354637,csp2.relu1,64x160x160,0.4211020623779297,0.7621610719488744,0.0,20.686988830566406,20.686988830566406,20.686988830566406,19.134469187334663,2.1602164052473674,1.5625,2,24.81466690873354,0.9983536105842271,2.094088623046875,9.431872959248722,0.4559326171875,75.45498367398977,29.59018967607442
plus_deployed,Plus(csp4),1354637,csp2.conv2,64x160x160,-1.5428613610839843,37.12173857823033,-509.9232482910156,545.53759765625,545.53759765625,1055.4608459472656,4.122567831972053,1.22953830386452,0.0,-3,24.118666280553352,0.9980682867046091,1.5608221435546874,272.2670343928039,0.4990802385802981,68.06675859820098,26.692846509098423
plus_deployed,Plus(csp4),1354637,csp2.bn2,64x160x160,-0.18396262100219726,1.317702659183518,-29.174335479736328,19.387699127197266,29.174335479736328,48.562034606933594,5.790925565908848,1.9099198150752457,0.0,2,25.296393441430478,0.9985267872346044,1.69668310546875,10.981356450356543,0.376404681367426,87.85085160285234,34.45131435405974
plus_deployed,Plus(csp4),1354637,csp2.relu2,64x160x160,0.37346339874267576,0.709039312664722,0.0,19.387699127197266,19.387699127197266,19.387699127197266,17.517058664739938,1.8821985534565575,0.0,2,24.395631158684687,0.9981888639405481,2.1777513427734374,8.512884980533272,0.4390869140625,68.10307984426618,26.707090135006343
plus_deployed,Plus(csp4),1354637,csp2.conv3,64x160x160,-3.2125894140625,5.76684194464059,-111.65787506103516,88.91188049316406,111.65787506103516,200.56975555419922,4.7268790183672635,1.4674244476915375,0.0,0,27.174348899161096,0.9990429575248253,1.468178955078125,48.90637561213225,0.4380020270437596,97.8127512242645,38.35794165657431
plus_deployed,Plus(csp4),1354637,csp2.bn3,64x160x160,-0.3900393960571289,1.179343569790998,-31.443513870239258,15.703791618347168,31.443513870239258,47.147305488586426,8.050981976309261,1.6457801973649786,0.0,2,24.692390593614235,0.998306874108424,1.7839300537109375,11.202171902055852,0.3562633600139237,89.61737521644682,35.144068712332086
plus_deployed,Plus(csp4),1354637,csp2.relu3,64x160x160,0.3421282943725586,0.8072278172031001,0.0,25.93603515625,25.93603515625,25.93603515625,23.10214895565448,1.8460544282519278,0.0,2,26.797478837110607,0.9989563391438778,2.3521722412109374,10.349719107151031,0.3990478515625,82.79775285720825,32.469707002826766
plus_deployed,Plus(csp4),1354637,down2,128x80x80,-2.044232995605469,20.54519131444577,-241.7775421142578,329.91180419921875,329.91180419921875,571.6893463134766,3.6189011336787047,1.5210956976452188,0.0,-2,25.04129090524916,0.9984374379145499,1.485704345703125,145.402665739879,0.4407319286219809,72.7013328699395,28.510326615662553
plus_deployed,Plus(csp4),1354637,bn_down2,128x80x80,-0.37141874603271485,1.4566287002085558,-19.55679702758789,20.370054244995117,20.370054244995117,39.92685127258301,3.818239472157911,1.5634159457718941,0.0,2,26.373107227306765,0.9988495039646096,1.5335498046875,10.5449869686272,0.5176710303173632,84.3598957490176,33.082312058438276
plus_deployed,Plus(csp4),1354637,csp3.conv1,128x80x80,-0.9634178680419921,22.539373107387824,-244.74887084960938,308.8233337402344,308.8233337402344,553.5722045898438,5.687578785566947,1.3709235651522782,0.0,-2,25.81013100885196,0.9986906950091992,1.791466552734375,177.66077891737223,0.5752828867096259,88.83038945868611,34.835446846543576
plus_deployed,Plus(csp4),1354637,csp3.bn1,128x80x80,-0.10800597175598145,1.314718742425976,-16.370803833007812,22.553760528564453,22.553760528564453,38.924564361572266,4.669260610465178,1.9854668928925452,0.0,2,25.233878144980636,0.9985049682481203,1.56708251953125,10.271045822184533,0.4554028056286312,82.16836657747626,32.22288885391226
plus_deployed,Plus(csp4),1354637,csp3.relu1,128x80x80,0.41639903900146485,0.773409970382093,0.0,22.553760528564453,22.553760528564453,22.553760528564453,21.153964599345162,2.732257960164518,0.0,2,25.16153288516374,0.998480162985377,1.92404638671875,10.139831546228379,0.4495849609375,81.11865236982703,31.81123622346158
plus_deployed,Plus(csp4),1354637,csp3.conv2,128x80x80,-13.087510693359375,61.15421997990984,-553.0003662109375,567.6187744140625,567.6187744140625,1120.619140625,1.9598659590185443,1.5467041297815418,0.0,-3,28.653383248657054,0.9993188794164436,1.1588173828125,349.7054088115692,0.6160920402475423,87.4263522028923,34.28484400113424
plus_deployed,Plus(csp4),1354637,csp3.bn2,128x80x80,-0.2438595880126953,1.3088278438437222,-16.893138885498047,17.643068313598633,17.643068313598633,34.53620719909668,3.214488478725828,1.7400904072557106,0.0,2,25.324739015470556,0.9985359264180087,1.354833251953125,9.207161257276312,0.521857144892409,73.65729005821049,28.885211787533525
plus_deployed,Plus(csp4),1354637,csp3.relu2,128x80x80,0.3707912924194336,0.7106857261666782,0.0,17.643068313598633,17.643068313598633,17.643068313598633,15.515503021012758,2.1630017816025164,1.5625,2,24.83884338222401,0.9983630332840252,2.101320068359375,8.298186305211857,0.4703369140625,66.38549044169486,26.033525663409748
plus_deployed,Plus(csp4),1354637,csp3.conv3,128x80x80,-2.7718542041015626,10.523534264296833,-156.4542999267578,124.87838745117188,156.4542999267578,281.3326873779297,3.387834954292617,1.604814262528592,0.0,-1,25.50677353075966,0.9985960724098212,1.315700439453125,79.35568137653172,0.507213169683934,79.35568137653172,31.119875049620283
plus_deployed,Plus(csp4),1354637,csp3.bn3,128x80x80,-0.37400585540771486,1.074191827675652,-19.21000862121582,13.907947540283203,19.21000862121582,33.11795616149902,4.81968851200445,1.8594389389086154,0.0,2,23.99353047168168,0.9980118780633939,1.51635302734375,8.816177408909425,0.4589366711253168,70.5294192712754,27.65859579265702
plus_deployed,Plus(csp4),1354637,csp3.relu3,128x80x80,0.38215848571777344,0.8392840735852082,0.0,23.156890869140625,23.156890869140625,23.156890869140625,17.177127591748658,2.0694454884670868,0.0,2,26.94351499300734,0.9989906707514595,2.426888427734375,9.851289633661509,0.4254150390625,78.81031706929207,30.906006693840027
plus_deployed,Plus(csp4),1354637,down3,256x40x40,-19.767726298828126,52.642036975924654,-763.1192626953125,381.5753479003906,763.1192626953125,1144.6946105957031,5.152600655930831,2.2064652760583954,0.0,-3,27.734182661835987,0.999158639098448,1.7925224609375,412.5285915546119,0.5405820711399347,103.13214788865298,40.44397956417764
plus_deployed,Plus(csp4),1354637,bn_down3,256x40x40,-1.2812933471679688,1.1658616319406125,-19.241641998291016,10.977904319763184,19.241641998291016,30.2195463180542,32.57841314298002,3.8158011414329898,0.0,2,27.581860610761026,0.9991281824349284,1.168025390625,9.77163092547562,0.5078376848682408,78.17304740380496,30.656097021099985
plus_deployed,Plus(csp4),1354637,csp4.conv1,256x40x40,-22.79825640625,49.60634152842639,-353.3952941894531,350.8252258300781,353.3952941894531,704.2205200195312,0.5155333579659618,1.507463506076907,0.0,-2,33.490812897788764,0.9997762549149182,0.57140576171875,232.95914324373007,0.6592027315418695,116.47957162186503,45.67826338112354
plus_deployed,Plus(csp4),1354637,csp4.bn1,256x40x40,-0.30213955474853516,1.2282668195005695,-16.452495574951172,14.980709075927734,16.452495574951172,31.433204650878906,2.362629334883322,1.803594575581282,0.0,2,24.875691592930963,0.9983769802256734,1.203310546875,7.968753450550139,0.48434922314657963,63.75002760440111,25.000010825255337
plus_deployed,Plus(csp4),1354637,csp4.relu1,256x40x40,0.3240880090332031,0.6310438590536571,0.0,14.980709075927734,14.980709075927734,14.980709075927734,13.01252671034268,2.327047177096045,0.390625,3,30.02837948937083,0.9995036379921287,2.2076611328125,6.991119482088834,0.4666748046875,111.85791171342134,43.865847730753465
plus_deployed,Plus(csp4),1354637,csp4.conv2,256x40x40,-1.4933213403320313,98.61499303541278,-1174.6715087890625,1158.6500244140625,1174.6715087890625,2333.321533203125,2.5406570709805587,1.8862001115932598,0.0,-4,26.587921767135647,0.9989048726719375,1.26461669921875,652.5794225633144,0.5555420538257893,81.5724278204143,31.98918738055463
plus_deployed,Plus(csp4),1354637,csp4.bn2,256x40x40,-0.19866172271728516,1.5443571093678836,-30.684579849243164,31.139251708984375,31.139251708984375,61.82383155822754,4.824803600518012,3.5592544137996596,0.0,2,26.686789470919322,0.9989294570924974,1.6111650390625,12.068350543500856,0.38756071135835496,96.54680434800684,37.86149190117916
plus_deployed,Plus(csp4),1354637,csp4.relu2,256x40x40,0.46989901306152343,1.0209576578418116,0.0,31.139251708984375,31.139251708984375,31.139251708984375,15.661075953641951,4.098683613448385,8.203125,2,28.321796114531878,0.9992649376961071,2.535248046875,11.088036771863699,0.3560791015625,88.70429417490959,34.78599771565082
plus_deployed,Plus(csp4),1354637,csp4.conv3,256x40x40,-11.4313655859375,29.69812615453446,-604.4524536132812,187.50306701660156,604.4524536132812,791.9555206298828,4.556059386505166,4.935702634425218,0.0,-3,22.790593893601667,0.9973802614555649,1.51578662109375,248.20781329087913,0.4106324853297368,62.05195332271978,24.334099342243054
plus_deployed,Plus(csp4),1354637,csp4.bn3,256x40x40,-1.6018772436523439,1.4222106564251438,-33.6241340637207,9.799654006958008,33.6241340637207,43.42378807067871,19.145000545432037,3.6662684553722755,0.0,1,23.39276689669729,0.9977283187123722,1.5844111328125,12.871676752110943,0.3828106540295723,51.48670700844377,20.190865493507363
plus_deployed,Plus(csp4),1354637,csp4.relu3,256x40x40,0.0765705990600586,1.2205135527800337,0.0,19.57061767578125,19.57061767578125,19.57061767578125,250.85359947442205,5.8366976784485045,67.1875,2,49.571816134697436,0.9999997624023118,0.39150244140625,19.56822868436575,0.9998779296875,156.545829474926,61.39052136271608
plus_deployed,Plus(csp4),1354637,PRE-HEAD,256x40x40,0.0765705990600586,1.2205135527800337,0.0,19.57061767578125,19.57061767578125,19.57061767578125,250.85359947442205,5.8366976784485045,67.1875,2,49.571816134697436,0.9999997624023118,0.39150244140625,19.56822868436575,0.9998779296875,156.545829474926,61.39052136271608
plus_deployed,Plus(csp4),1354637,head,15x40x40,1.9611826119791667,33.11492409920041,-91.34851837158203,126.68511199951172,126.68511199951172,218.03363037109375,3.682759204792342,36.71206115954777,0.0,0,42.69312900905339,0.9999773710880766,0.0023333333333333335,89.40559173375368,0.7057308496842019,178.81118346750736,70.12203273235583
plus_deployed,Plus(csp4),1354637,bn_head,15x40x40,-4.941069171875,10.0679847009591,-27.73114013671875,23.644283294677734,27.73114013671875,51.375423431396484,0.7774186470148972,7692980.666666667,0.0,2,56.34231049008018,0.9999995655968321,0.0,27.72486872272566,0.9997738493995497,221.79894978180528,86.9799803065903
